{
  "@type" : "TEMPLATE",
  "uid" : "709cf60b-1eb6-409f-91d9-e76115971e02",
  "description" : {
    "@type" : "RESOURCE_DESCRIPTION",
    "originalAuthor" : {
      "date" : "2025-01-22"
    },
    "otherContributors" : [ ],
    "lifecycleState" : {
      "codeString" : "unmanaged"
    },
    "ipAcknowledgements" : { },
    "references" : { },
    "conversionDetails" : { },
    "otherDetails" : {
      "licence" : "This work is licensed under the Creative Commons Attribution-ShareAlike 4.0 International License. To view a copy of this license, visit http://creativecommons.org/licenses/by-sa/4.0/.",
      "custodian_organisation" : "openEHR Foundation",
      "original_namespace" : "org.openehr",
      "original_publisher" : "openEHR Foundation",
      "custodian_namespace" : "org.openehr",
      "MD5-CAM-1.0.1" : "5016692b62bad93d91acd14974650772",
      "PARENT:MD5-CAM-1.0.1" : "A421A4C6D27D92CEA4EE508BF58712CD",
      "sem_ver" : "1.0.0",
      "build_uid" : ""
    },
    "details" : {
      "de" : {
        "@type" : "RESOURCE_DESCRIPTION_ITEM",
        "language" : {
          "terminologyId" : {
            "value" : "ISO_639-1"
          },
          "codeString" : "de"
        },
        "keywords" : [ ],
        "originalResourceUri" : { },
        "otherDetails" : { }
      },
      "nb" : {
        "@type" : "RESOURCE_DESCRIPTION_ITEM",
        "language" : {
          "terminologyId" : {
            "value" : "ISO_639-1"
          },
          "codeString" : "nb"
        },
        "keywords" : [ ],
        "originalResourceUri" : { },
        "otherDetails" : { }
      },
      "en" : {
        "@type" : "RESOURCE_DESCRIPTION_ITEM",
        "language" : {
          "terminologyId" : {
            "value" : "ISO_639-1"
          },
          "codeString" : "en"
        },
        "keywords" : [ ],
        "originalResourceUri" : { },
        "otherDetails" : { }
      },
      "nl" : {
        "@type" : "RESOURCE_DESCRIPTION_ITEM",
        "language" : {
          "terminologyId" : {
            "value" : "ISO_639-1"
          },
          "codeString" : "nl"
        },
        "keywords" : [ ],
        "originalResourceUri" : { },
        "otherDetails" : { }
      }
    }
  },
  "parentArchetypeId" : "openEHR-EHR-OBSERVATION.problem_screening.v1",
  "differential" : true,
  "archetypeId" : {
    "@type" : "ARCHETYPE_HRID",
    "value" : "openEHR-EHR-OBSERVATION.kartleggingom_allergi_-_føres_inn_i_kritisk_info.v1"
  },
  "definition" : {
    "@type" : "C_COMPLEX_OBJECT",
    "rmTypeName" : "OBSERVATION",
    "nodeId" : "at0000.1",
    "attributes" : [ {
      "@type" : "C_ATTRIBUTE",
      "rmAttributeName" : "data",
      "children" : [ {
        "@type" : "C_COMPLEX_OBJECT",
        "rmTypeName" : "HISTORY",
        "nodeId" : "at0001",
        "attributes" : [ {
          "@type" : "C_ATTRIBUTE",
          "rmAttributeName" : "events",
          "children" : [ {
            "@type" : "C_COMPLEX_OBJECT",
            "rmTypeName" : "EVENT",
            "nodeId" : "at0002.1",
            "attributes" : [ {
              "@type" : "C_ATTRIBUTE",
              "rmAttributeName" : "data",
              "children" : [ {
                "@type" : "C_COMPLEX_OBJECT",
                "rmTypeName" : "ITEM_TREE",
                "nodeId" : "at0003",
                "attributes" : [ {
                  "@type" : "C_ATTRIBUTE",
                  "rmAttributeName" : "items",
                  "children" : [ {
                    "@type" : "C_COMPLEX_OBJECT",
                    "rmTypeName" : "ELEMENT",
                    "nodeId" : "at0034.1",
                    "attributes" : [ {
                      "@type" : "C_ATTRIBUTE",
                      "rmAttributeName" : "value",
                      "children" : [ {
                        "@type" : "C_COMPLEX_OBJECT",
                        "rmTypeName" : "DV_CODED_TEXT",
                        "occurrences" : "1..1",
                        "attributes" : [ {
                          "@type" : "C_ATTRIBUTE",
                          "rmAttributeName" : "defining_code",
                          "children" : [ {
                            "@type" : "C_TERMINOLOGY_CODE",
                            "rmTypeName" : "TERMINOLOGY_CODE",
                            "occurrences" : "0..1",
                            "terminologyId" : {
                              "value" : "no.onk.kart.cave"
                            },
                            "constraint" : [ ],
                            "selectedTerminologies" : [ "no.onk.kart.cave" ],
                            "includedExternalTerminologyCodes" : [ {
                              "terminologyId" : "no.onk.kart.cave",
                              "code" : "CAVE",
                              "value" : "Cave"
                            } ]
                          } ]
                        } ],
                        "attributeTuples" : [ ]
                      } ]
                    } ],
                    "attributeTuples" : [ ]
                  }, {
                    "@type" : "C_COMPLEX_OBJECT",
                    "rmTypeName" : "ELEMENT",
                    "occurrences" : "0..1",
                    "nodeId" : "at0028.1",
                    "attributes" : [ {
                      "@type" : "C_ATTRIBUTE",
                      "rmAttributeName" : "value",
                      "children" : [ {
                        "@type" : "C_COMPLEX_OBJECT",
                        "rmTypeName" : "DV_CODED_TEXT",
                        "attributes" : [ {
                          "@type" : "C_ATTRIBUTE",
                          "rmAttributeName" : "defining_code",
                          "children" : [ {
                            "@type" : "C_TERMINOLOGY_CODE",
                            "rmTypeName" : "CODE_PHRASE",
                            "occurrences" : "1..1",
                            "terminologyId" : {
                              "value" : "local"
                            },
                            "constraint" : [ "at0031", "at0032", "at0033" ]
                          } ]
                        } ],
                        "attributeTuples" : [ ]
                      } ]
                    } ],
                    "attributeTuples" : [ ]
                  }, {
                    "@type" : "C_COMPLEX_OBJECT",
                    "rmTypeName" : "ELEMENT",
                    "occurrences" : "0..1",
                    "nodeId" : "at0028.2",
                    "attributes" : [ {
                      "@type" : "C_ATTRIBUTE",
                      "rmAttributeName" : "value",
                      "children" : [ {
                        "@type" : "C_COMPLEX_OBJECT",
                        "rmTypeName" : "DV_BOOLEAN",
                        "attributes" : [ ],
                        "attributeTuples" : [ ]
                      } ]
                    } ],
                    "attributeTuples" : [ ]
                  }, {
                    "@type" : "C_COMPLEX_OBJECT",
                    "rmTypeName" : "ELEMENT",
                    "occurrences" : "0..0",
                    "nodeId" : "at0043.1",
                    "attributes" : [ ],
                    "attributeTuples" : [ ]
                  }, {
                    "@type" : "C_COMPLEX_OBJECT",
                    "rmTypeName" : "CLUSTER",
                    "occurrences" : "0..0",
                    "nodeId" : "at0022.1",
                    "attributes" : [ ],
                    "attributeTuples" : [ ]
                  } ]
                } ],
                "attributeTuples" : [ ]
              } ]
            } ],
            "attributeTuples" : [ ]
          } ]
        } ],
        "attributeTuples" : [ ]
      } ]
    } ],
    "attributeTuples" : [ ]
  },
  "terminology" : {
    "@type" : "ARCHETYPE_TERMINOLOGY",
    "conceptCode" : "at0000",
    "termDefinitions" : {
      "en" : {
        "at0000.1" : {
          "@type" : "ARCHETYPE_TERM",
          "code" : "at0000.1",
          "text" : "Kartlegging om allergi - føres inn i kritisk info",
          "description" : "Series of questions and associated answers used to screen for issues, problems or diagnoses.",
          "comment" : "The answers may be self-reported."
        },
        "at0002.1" : {
          "@type" : "ARCHETYPE_TERM",
          "code" : "at0002.1",
          "text" : "Innkomst",
          "description" : "Default, unspecified point in time or interval event which may be explicitly defined in a template or at run-time."
        },
        "at0028.1" : {
          "@type" : "ARCHETYPE_TERM",
          "code" : "at0028.1",
          "text" : "Har pasienten noen kjente allergier?",
          "description" : "Is there a history of any issues, problems or diagnoses relevant for the screening purpose?",
          "comment" : "In a template, the data element would usually be renamed to the specific question asked. The proposed value set can be adapted for local use by using the DV_TEXT or the DV_BOOLEAN datatypes choice to match each specific use case."
        },
        "at0028.2" : {
          "@type" : "ARCHETYPE_TERM",
          "code" : "at0028.2",
          "text" : "Det er registrert i kritisk info til pasienten",
          "description" : "Is there a history of any issues, problems or diagnoses relevant for the screening purpose?",
          "comment" : "In a template, the data element would usually be renamed to the specific question asked. The proposed value set can be adapted for local use by using the DV_TEXT or the DV_BOOLEAN datatypes choice to match each specific use case."
        }
      },
      "nb" : {
        "at0000.1" : {
          "@type" : "ARCHETYPE_TERM",
          "code" : "at0000.1",
          "text" : "Kartlegging om allergi/cave - føres inn i kritisk info",
          "description" : "Spørsmål og tilhørende svar som brukes til å kartlegge bekymringer, plager, problemer eller diagnoser.",
          "comment" : "Svarene kan være selvrapporterte."
        },
        "at0028.1" : {
          "@type" : "ARCHETYPE_TERM",
          "code" : "at0028.1",
          "text" : "Har pasienten noen kjente allergier?",
          "description" : "Finnes det noen bekymringer, plager, problemer eller diagnoser. som er innenfor kartleggingsformålet?",
          "comment" : "Navnet på dataelementet kan omformuleres til det spesifikke spørsmålet i et templat eller brukergrensesnitt. Det foreslåtte verdisettet kan tilpasses/endres i det enkelte bruksområde ved å benytte de alternative datatypene DV_TEXT eller DV_BOOLEAN."
        },
        "at0028.2" : {
          "@type" : "ARCHETYPE_TERM",
          "code" : "at0028.2",
          "text" : "Det er registrert i kritisk info til pasienten.",
          "description" : "Finnes det noen bekymringer, plager, problemer eller diagnoser. som er innenfor kartleggingsformålet?",
          "comment" : "Navnet på dataelementet kan omformuleres til det spesifikke spørsmålet i et templat eller brukergrensesnitt. Det foreslåtte verdisettet kan tilpasses/endres i det enkelte bruksområde ved å benytte de alternative datatypene DV_TEXT eller DV_BOOLEAN."
        }
      },
      "de" : {
        "at0000.1" : {
          "@type" : "ARCHETYPE_TERM",
          "code" : "at0000.1",
          "text" : "Kartlegging om allergi - føres inn i kritisk info",
          "description" : "Eine Reihe von Fragen und zugehörigen Antworten, die zum Screening auf Vorhandensein von Beschwerden, Problemen oder Diagnosen verwendet werden.",
          "comment" : "Die Antworten können selbst berichtet werden."
        },
        "at0002.1" : {
          "@type" : "ARCHETYPE_TERM",
          "code" : "at0002.1",
          "text" : "Innkomst",
          "description" : "Standardwert, ein undefinierter/s Zeitpunkt oder Intervallereignis, das explizit im Template oder zur Laufzeit der Anwendung definiert werden kann."
        },
        "at0028.1" : {
          "@type" : "ARCHETYPE_TERM",
          "code" : "at0028.1",
          "text" : "Har pasienten noen kjente allergier?",
          "description" : "Gibt es eine Vorgeschichte an Beschwerden, Problemen oder Diagnosen im Zusammenhang mit dem Screening-Zweck?",
          "comment" : "In einem Template würde das Datenelement normalerweise in die spezifische gestellte Frage umbenannt. Der vorgeschlagene Wertesatz kann für die lokale Verwendung angepasst werden, indem die Datentypauswahl DV_TEXT oder DV_BOOLEAN verwendet wird, um jedem spezifischen Anwendungsfall zu entsprechen."
        },
        "at0028.2" : {
          "@type" : "ARCHETYPE_TERM",
          "code" : "at0028.2",
          "text" : "Det er registrert i kritisk info til pasienten",
          "description" : "Gibt es eine Vorgeschichte an Beschwerden, Problemen oder Diagnosen im Zusammenhang mit dem Screening-Zweck?",
          "comment" : "In einem Template würde das Datenelement normalerweise in die spezifische gestellte Frage umbenannt. Der vorgeschlagene Wertesatz kann für die lokale Verwendung angepasst werden, indem die Datentypauswahl DV_TEXT oder DV_BOOLEAN verwendet wird, um jedem spezifischen Anwendungsfall zu entsprechen."
        }
      },
      "nl" : {
        "at0000.1" : {
          "@type" : "ARCHETYPE_TERM",
          "code" : "at0000.1",
          "text" : "Kartlegging om allergi - føres inn i kritisk info",
          "description" : "*Series of questions and associated answers used to screen for issues, problems or diagnoses. (en)",
          "comment" : "*The answers may be self-reported.(en)"
        },
        "at0002.1" : {
          "@type" : "ARCHETYPE_TERM",
          "code" : "at0002.1",
          "text" : "Innkomst",
          "description" : "Standaard, ongespecificeerd moment in tijd of een interval dat expliciet gedefiniëerd kan worden in een template of tijdens run-time."
        },
        "at0028.1" : {
          "@type" : "ARCHETYPE_TERM",
          "code" : "at0028.1",
          "text" : "Har pasienten noen kjente allergier?",
          "description" : "*Is there a history of any issues, problems or diagnoses relevant for the screening purpose? (en)",
          "comment" : "*In a template, the data element would usually be renamed to the specific question asked. The proposed value set can be adapted for local use by using the 'text' choice to match each specific use case. (en)"
        },
        "at0028.2" : {
          "@type" : "ARCHETYPE_TERM",
          "code" : "at0028.2",
          "text" : "Det er registrert i kritisk info til pasienten",
          "description" : "*Is there a history of any issues, problems or diagnoses relevant for the screening purpose? (en)",
          "comment" : "*In a template, the data element would usually be renamed to the specific question asked. The proposed value set can be adapted for local use by using the 'text' choice to match each specific use case. (en)"
        }
      }
    },
    "termBindings" : { },
    "terminologyExtracts" : { },
    "valueSets" : {
      "ac0.1" : {
        "@type" : "VALUE_SET",
        "id" : "ac0.1",
        "members" : [ "at0031", "at0032", "at0033" ]
      },
      "ac0.2" : {
        "@type" : "VALUE_SET",
        "id" : "ac0.2",
        "members" : [ "at0031", "at0032", "at0033" ]
      },
      "ac0.3" : {
        "@type" : "VALUE_SET",
        "id" : "ac0.3",
        "members" : [ "at0031", "at0032" ]
      },
      "ac0.4" : {
        "@type" : "VALUE_SET",
        "id" : "ac0.4",
        "members" : [ "at0031", "at0032" ]
      }
    }
  },
  "adlVersion" : "1.4",
  "buildUid" : "4e0e0fb5-26e7-32e6-820f-8d0426678b99",
  "rmName" : "openehr",
  "rmRelease" : "1.1.0",
  "generated" : true,
  "templateId" : "no.onk.innkomst.cave",
  "otherMetaData" : { },
  "templateOverlays" : [ ],
  "originalLanguage" : {
    "terminologyId" : {
      "value" : "ISO_639-1"
    },
    "codeString" : "en"
  },
  "translations" : [ {
    "@type" : "TRANSLATION_DETAILS",
    "language" : {
      "terminologyId" : {
        "value" : "ISO_639-1"
      },
      "codeString" : "de"
    },
    "author" : { },
    "otherDetails" : { }
  }, {
    "@type" : "TRANSLATION_DETAILS",
    "language" : {
      "terminologyId" : {
        "value" : "ISO_639-1"
      },
      "codeString" : "nb"
    },
    "author" : { },
    "otherDetails" : { }
  }, {
    "@type" : "TRANSLATION_DETAILS",
    "language" : {
      "terminologyId" : {
        "value" : "ISO_639-1"
      },
      "codeString" : "nl"
    },
    "author" : { },
    "otherDetails" : { }
  } ]
}