{
  "@type" : "TEMPLATE",
  "uid" : "459e617e-5bf3-4a8c-b0fe-5acbbd0ae385",
  "description" : {
    "@type" : "RESOURCE_DESCRIPTION",
    "originalAuthor" : {
      "date" : "2025-01-22"
    },
    "otherContributors" : [ ],
    "lifecycleState" : {
      "codeString" : "unmanaged"
    },
    "ipAcknowledgements" : { },
    "references" : { },
    "conversionDetails" : { },
    "otherDetails" : {
      "licence" : "This work is licensed under the Creative Commons Attribution-ShareAlike 4.0 International License. To view a copy of this license, visit http://creativecommons.org/licenses/by-sa/4.0/.",
      "custodian_organisation" : "openEHR Foundation",
      "original_namespace" : "org.openehr",
      "original_publisher" : "openEHR Foundation",
      "custodian_namespace" : "org.openehr",
      "MD5-CAM-1.0.1" : "5a36441e50e2681bf895552eceeb57ed",
      "PARENT:MD5-CAM-1.0.1" : "9D358EB1048EA1401802C3E1FDFB9A29",
      "sem_ver" : "2.0.0",
      "build_uid" : ""
    },
    "details" : {
      "de" : {
        "@type" : "RESOURCE_DESCRIPTION_ITEM",
        "language" : {
          "terminologyId" : {
            "value" : "ISO_639-1"
          },
          "codeString" : "de"
        },
        "keywords" : [ ],
        "originalResourceUri" : { },
        "otherDetails" : { }
      },
      "sv" : {
        "@type" : "RESOURCE_DESCRIPTION_ITEM",
        "language" : {
          "terminologyId" : {
            "value" : "ISO_639-1"
          },
          "codeString" : "sv"
        },
        "keywords" : [ ],
        "originalResourceUri" : { },
        "otherDetails" : { }
      },
      "ru" : {
        "@type" : "RESOURCE_DESCRIPTION_ITEM",
        "language" : {
          "terminologyId" : {
            "value" : "ISO_639-1"
          },
          "codeString" : "ru"
        },
        "keywords" : [ ],
        "originalResourceUri" : { },
        "otherDetails" : { }
      },
      "nb" : {
        "@type" : "RESOURCE_DESCRIPTION_ITEM",
        "language" : {
          "terminologyId" : {
            "value" : "ISO_639-1"
          },
          "codeString" : "nb"
        },
        "keywords" : [ ],
        "originalResourceUri" : { },
        "otherDetails" : { }
      },
      "es-ar" : {
        "@type" : "RESOURCE_DESCRIPTION_ITEM",
        "language" : {
          "terminologyId" : {
            "value" : "ISO_639-1"
          },
          "codeString" : "es-ar"
        },
        "keywords" : [ ],
        "originalResourceUri" : { },
        "otherDetails" : { }
      },
      "pt-br" : {
        "@type" : "RESOURCE_DESCRIPTION_ITEM",
        "language" : {
          "terminologyId" : {
            "value" : "ISO_639-1"
          },
          "codeString" : "pt-br"
        },
        "keywords" : [ ],
        "originalResourceUri" : { },
        "otherDetails" : { }
      },
      "en" : {
        "@type" : "RESOURCE_DESCRIPTION_ITEM",
        "language" : {
          "terminologyId" : {
            "value" : "ISO_639-1"
          },
          "codeString" : "en"
        },
        "keywords" : [ ],
        "originalResourceUri" : { },
        "otherDetails" : { }
      },
      "sl" : {
        "@type" : "RESOURCE_DESCRIPTION_ITEM",
        "language" : {
          "terminologyId" : {
            "value" : "ISO_639-1"
          },
          "codeString" : "sl"
        },
        "keywords" : [ ],
        "originalResourceUri" : { },
        "otherDetails" : { }
      },
      "it" : {
        "@type" : "RESOURCE_DESCRIPTION_ITEM",
        "language" : {
          "terminologyId" : {
            "value" : "ISO_639-1"
          },
          "codeString" : "it"
        },
        "keywords" : [ ],
        "originalResourceUri" : { },
        "otherDetails" : { }
      },
      "fr" : {
        "@type" : "RESOURCE_DESCRIPTION_ITEM",
        "language" : {
          "terminologyId" : {
            "value" : "ISO_639-1"
          },
          "codeString" : "fr"
        },
        "keywords" : [ ],
        "originalResourceUri" : { },
        "otherDetails" : { }
      }
    }
  },
  "parentArchetypeId" : "openEHR-EHR-SECTION.adhoc.v1",
  "differential" : true,
  "archetypeId" : {
    "@type" : "ARCHETYPE_HRID",
    "value" : "openEHR-EHR-SECTION.medikamenter.v1"
  },
  "definition" : {
    "@type" : "C_COMPLEX_OBJECT",
    "rmTypeName" : "SECTION",
    "nodeId" : "at0000.1",
    "attributes" : [ {
      "@type" : "C_ATTRIBUTE",
      "rmAttributeName" : "items",
      "existence" : "0..1",
      "children" : [ {
        "@type" : "C_ARCHETYPE_ROOT",
        "rmTypeName" : "OBSERVATION",
        "occurrences" : "0..1",
        "nodeId" : "at0.6",
        "attributes" : [ ],
        "attributeTuples" : [ ],
        "archetypeRef" : "openEHR-EHR-OBSERVATION.ovl-medication_screening-001.v1",
        "referenceType" : "archetypeOverlay"
      } ]
    } ],
    "attributeTuples" : [ ]
  },
  "terminology" : {
    "@type" : "ARCHETYPE_TERMINOLOGY",
    "conceptCode" : "at0000",
    "termDefinitions" : {
      "en" : {
        "at0000.1" : {
          "@type" : "ARCHETYPE_TERM",
          "code" : "at0000.1",
          "text" : "Medikamenter",
          "description" : "A generic section header which should be renamed in a template to suit a specific clinical context."
        }
      },
      "ru" : {
        "at0000.1" : {
          "@type" : "ARCHETYPE_TERM",
          "code" : "at0000.1",
          "text" : "Medikamenter",
          "description" : "Образец заголовка раздела"
        }
      },
      "es-ar" : {
        "at0000.1" : {
          "@type" : "ARCHETYPE_TERM",
          "code" : "at0000.1",
          "text" : "Medikamenter",
          "description" : "Un encabezado de sección de tipo genérico que será renombrado en una plantilla para su empleo en un contexto clínico específico."
        }
      },
      "sl" : {
        "at0000.1" : {
          "@type" : "ARCHETYPE_TERM",
          "code" : "at0000.1",
          "text" : "Medikamenter",
          "description" : "Naslov sekcije"
        }
      },
      "nb" : {
        "at0000.1" : {
          "@type" : "ARCHETYPE_TERM",
          "code" : "at0000.1",
          "text" : "Medikamenter (husk legemiddelsamstemming, medikamenter skal oppdateres i kurve)",
          "description" : "Fritekstbeskrivelse om bruken av legemidler ved innkomst.\nHusk samstemming av legemidler.\nMedikamenter skal oppdateres i kurve."
        }
      },
      "pt-br" : {
        "at0000.1" : {
          "@type" : "ARCHETYPE_TERM",
          "code" : "at0000.1",
          "text" : "Medikamenter",
          "description" : "Um cabeçalho de sessão genérico que deve ser renomeado no template para adequar-se a um contexto clínico específico."
        }
      },
      "sv" : {
        "at0000.1" : {
          "@type" : "ARCHETYPE_TERM",
          "code" : "at0000.1",
          "text" : "Medikamenter",
          "description" : "En allmän avsnittsrubrik som döps om i en openEHR-mall för att passa in i en specifik klinisk kontext."
        }
      },
      "de" : {
        "at0000.1" : {
          "@type" : "ARCHETYPE_TERM",
          "code" : "at0000.1",
          "text" : "Medikamenter",
          "description" : "Eine generische Abschnittsüberschrift eines Templates, welche entsprechend dem spezifischen klinischen Kontext umbenannt werden sollte."
        }
      },
      "it" : {
        "at0000.1" : {
          "@type" : "ARCHETYPE_TERM",
          "code" : "at0000.1",
          "text" : "Medikamenter",
          "description" : "Un'intestazione di sezione generica che dovrebbe essere rinominata in un template per adattarsi ad uno specifico contesto clinico."
        }
      },
      "fr" : {
        "at0000.1" : {
          "@type" : "ARCHETYPE_TERM",
          "code" : "at0000.1",
          "text" : "Medikamenter",
          "description" : "Un en-tête de section générique qui doit être renommé dans un modèle pour s'adapter à un contexte clinique spécifique."
        }
      }
    },
    "termBindings" : { },
    "terminologyExtracts" : { },
    "valueSets" : { }
  },
  "adlVersion" : "1.4",
  "buildUid" : "6035ec1e-b2cc-3f41-ac9e-67afd3b82432",
  "rmName" : "openehr",
  "rmRelease" : "1.1.0",
  "generated" : true,
  "templateId" : "no.onk.innkomst.medikamenter",
  "otherMetaData" : { },
  "templateOverlays" : [ {
    "@type" : "TEMPLATE_OVERLAY",
    "uid" : "bafff46c-427a-41d5-9a73-95bd9c429dc0",
    "description" : {
      "@type" : "RESOURCE_DESCRIPTION",
      "originalAuthor" : { },
      "otherContributors" : [ ],
      "ipAcknowledgements" : { },
      "references" : { },
      "conversionDetails" : { },
      "otherDetails" : {
        "PARENT:MD5-CAM-1.0.1" : "5C9E3A80B72BA67FE8BD2ACBBBEB894E",
        "ip_acknowledgements" : "This artefact includes content from SNOMED Clinical Terms® (SNOMED CT®) which is copyrighted material of the International Health Terminology Standards Development Organisation (IHTSDO). Where an implementation of this artefact makes use of SNOMED CT content, the implementer must have the appropriate SNOMED CT Affiliate license - for more information contact https://www.snomed.org/snomed-ct/get-snomed or info@snomed.org."
      },
      "details" : {
        "de" : {
          "@type" : "RESOURCE_DESCRIPTION_ITEM",
          "language" : {
            "terminologyId" : {
              "value" : "ISO_639-1"
            },
            "codeString" : "de"
          },
          "purpose" : "Schaffung von Rahmenbedingungen für die Darstellung von Antworten auf vordefinierte Screening-Fragen zur Anwendung eines bestimmten Medikaments oder einer Medikamentengruppe.",
          "keywords" : [ "Medikation, Screening, Fragebogen, Medikament, Arzneimittel, Behandlung" ],
          "use" : "Verwendung als Rahmenbedingung für die Darstellung von Antworten auf vordefinierte Screening-Fragen zur Anwendung eines bestimmten Medikaments oder einer Medikamentengruppe (einschließliche Medikamentenkasse).\r\n\r\nBeispiele für Medikamente, Gruppierungen und Klassen von Medikamenten sind „Alendronsäure“, „Osteoporose-Medikamente“ bzw. „Bisphosphonate“.\r\n\r\nHäufige Anwendungsfälle umfassen, sind aber nicht beschränkt auf:\r\n- Systematische Befragung in jedem Beratungsgespräch zu dem Medikamenteneinnahme-Verhalten, zum Beispiel:\r\n--- Verwenden Sie Paracetamol? Ja, Nein, Unbekannt.\r\n--- Haben Sie in den letzten vier Wochen Antikoagulanzien verwendet? Ja, Nein, Unbekannt.\r\n\r\nDie Semantik dieses Archetyps ist absichtlich locker, und die Abfrage dieses Archetyps wäre normalerweise nur im Kontext jedes spezifischen Templates nützlich oder sicher. In einem Template würde normalerweise jedes Datenelement in die spezifische gestellte Frage umbenannt. Wo Wertesätze für allgemeine Anwendungsfälle vorgeschlagen wurden, können diese für die lokale Verwendung angepasst werden, indem die „Text“-Auswahl verwendet wird, um jedem spezifischen Anwendungsfall zu entsprechen.\r\n\r\nÜber die EVENT-Struktur aus dem Referenzmodell kann festgelegt werden, ob sich die Fragen auf einen Zeitpunkt oder einen Zeitraum beziehen. Verwenden Sie eine separate Instanz dieses Archetyps, um zwischen einer Befragung zu unterscheiden, der Informationen über ein Medikament enthält, das zu einem beliebigen Zeitpunkt in der Vergangenheit angewendet wurde, und Informationen über ein Medikament, das innerhalb eines bestimmten Zeitintervalls durchgeführt wurde - zum Beispiel den Unterschied zwischen \"Verwenden Sie Paracetamol? \" im Vergleich zu \"Haben Sie in den letzten vier Wochen Antikoagulanzien verwendet?\".\r\n\r\nDie Quelle der Informationen in einer Fragebogenantwort kann in verschiedenen Kontexten variieren, kann jedoch mithilfe des Elements „Information provider“ im Referenzmodell spezifisch identifiziert werden.\r\n\r\nDieser Archetyp wurde entwickelt, um als Screening-Tool oder zur Darstellung einfacher Daten im Fragebogenformat zur Verwendung in Situationen wie einem Krankheitsregister verwendet zu werden. Wenn der Screening-Fragebogen das Vorhandensein eines Medikaments identifiziert, wird empfohlen, dass das klinische System die spezifischen Details über das Medikament unter Verwendung eines relevanten Medikations-Archetyps darstellt und beibehält, zum Beispiel das OBSERVATION.medication_statement, um eine detaillierte Momentaufnahme über die tatsächliche Verwendung des spezifischen Medikaments darzustellen.",
          "misuse" : "Nicht zur Darstellung einer Anforderung für ein zu verabreichendes oder zu konsumierendes Medikament zu verwenden - verwenden Sie zu diesem Zweck INSTRUCTION.medication_order.\r\n\r\nNicht zur Darstellung der Verabreichung, Abgabe oder Einnahme eines Medikaments verwenden - verwenden Sie ACTION.medication für diesen Zweck.\r\n\r\nNicht zur Darstellung einer Zusammenfassung der Verwendung eines Medikaments über die Lebenszeit der Person zu verwenden – verwenden Sie zu diesem Zweck EVALUATION.medication_summary.\r\n\r\nDarf nicht verwendet werden, um eine detaillierte Momentaufnahme über die tatsächliche Verwendung eines einzelnen angegebenen Medikaments außerhalb eines Screening-Kontexts darzustellen. - Verwenden Sie zu diesem Zweck OBSERVATION.medication_statement.\r\n\r\nDarf nicht verwendet werden, um Details über das Fehlen eines bestimmten Medikaments oder einer Medikamentengruppe außerhalb eines Screening-Kontexts darzustellen. Verwenden Sie zu diesem Zweck EVALUATION.exclusion_specific.\r\n\r\nNicht zu verwenden, um einen Rahmen für die Darstellung von Antworten auf vordefinierte Screening-Fragen zu Nebenwirkungen zu schaffen, verwenden Sie zu diesem Zweck einen geeigneten Archetyp.\r\n\r\nDarf nicht verwendet werden, um Details zu einer einfachen Auswahlliste darzustellen, in der eine Frage entweder als \"vorhanden\" oder \"unbestimmt\" aufgezeichnet werden kann. Verwenden Sie dazu OBSERVATION.selection_list.",
          "copyright" : "© openEHR Foundation, Nasjonal IKT HF",
          "originalResourceUri" : { },
          "otherDetails" : { }
        },
        "nb" : {
          "@type" : "RESOURCE_DESCRIPTION_ITEM",
          "language" : {
            "terminologyId" : {
              "value" : "ISO_639-1"
            },
            "codeString" : "nb"
          },
          "purpose" : "For å lage et rammeverk for registrering av svar på forhåndsdefinerte spørsmål om bruken av et hvilket som helst legemiddel eller gruppe av legemidler.",
          "keywords" : [ "legemiddel, kartlegging, spørreskjema, legemiddelgruppe, medikament" ],
          "use" : "Brukes for å lage et rammeverk for registrering av svar på forhåndsdefinerte spørsmål om bruken av et hvilket som helst legemiddel eller gruppe av legemidler.\r\n\r\nEksempler på legemidler, grupper og klasser av legemidler er \"alendronsyre\", \"osteoporosemedisiner\" og \"bisfosfonater\".\r\n\r\nVanlige bruksområder inkluderer, men er ikke begrenset til:\r\n- Systematiske spørsmål ved konsultasjoner, for eksempel:\r\n--- Bruker du paracetamol? Ja, Nei, Ukjent.\r\n--- Har du brukt noen blodfortynnende medisiner de siste 4 ukene? Ja, Nei, Ukjent.\r\n\r\nSemantikken til denne arketypen er med vilje løst definert, og spørringer etter data i denne arketypen vil normalt bare være hensiktsmessig eller sikkert i konteksten av det spesifikke templatet. I et templat vil hvert dataelement vanligvis døpes om til det (spesifikke) spørsmålet man ønsker svar på. Flere steder er det foreslått verdisett som passer til de vanligste bruksområder, men det er allikevel mulig å tilpasse/endre verdisett for lokal bruk ved å benytte de alternative datatypene DV_TEXT eller DV_BOOLEAN for å harmonere verdisettet til hvert enkelt brukstilfelle.\r\n\r\nEVENT-strukturen fra arketypens referansemodell kan brukes for å spesifisere om spørsmålene relateres til et tidspunkt eller til et tidsintervall.\r\nBruk egne instanser av denne arketypen for å skille mellom spørsmål om bruk av et legemiddel på et hvilket som helst tidspunkt og spørsmål om legemidler som er brukt i et tidsintervall. For eksempel; \"Bruker du paracetamol nå?\" sammenlignet med \"Har du brukt noen smertestillende medisin de siste 4 ukene?\".\r\n\r\nKilden til informasjonen i et spørreskjema kan variere i ulike kontekster, men kan identifiseres spesifikt ved å benytte \"Information provider\" elementet i openEHR referansemodellen.\r\n\r\nDenne arketypen er laget for å bli brukt i et spørreskjema eller for å registrere enkle strukturerte data til for eksempel et sykdomsregister. Dersom det i spørreskjemaet identifiseres at et legemiddel er tilstede, anbefales det at spesifikke detaljer om legemiddelet registreres og lagres i pasientjournalen i en egnet legemiddelarketype, for eksempel arketypen OBSERVATION.medication_statement for å registrere et detaljert øyeblikksbilde om bruken av et enkelt spesifisert legemiddel.",
          "misuse" : "Brukes ikke for å dokumentere forordningen av et legemiddel - bruk arketypen INSTRUCTION.medication_order (Legemiddelordinering) til dette formålet.\r\n\r\nBrukes ikke for å dokumentere administreringen av et legemiddel - bruk arketypen ACTION.medication (Legemiddelhåndtering) til dette formålet.\r\n\r\nBrukes ikke for å registrere et sammendrag om all bruk av et spesifisert legemiddel over et individs livstid, bruk arketypen EVALUATION.medication_summary (Legemiddelsammendrag) til dette formålet.\r\n\r\nBrukes ikke for å registrere et detaljert øyeblikksbilde om bruken av et enkelt spesifisert legemiddel, utenfor konteksten av kartleggingen. Bruk arketypen OBSERVATION.medication_statement for dette formålet.\r\n\r\nBrukes ikke for å registrere detaljer om etablert fravær av et spesifikt legemiddel eller gruppe av legemidler i pasientjournalen, utenfor konteksten av kartleggingen. Bruk arketypen EVALUATION.exclusion_specific for dette formålet.\r\n\r\nBrukes ikke for å lage et rammeverk for registrering av svar på forhåndsdefinerte spørsmål om overfølsomhetsreaksjoner, bruk en egnet arketype for dette formålet.\r\n\r\nBrukes ikke for å registrere detaljer om en enkel utvalgsliste der et spørsmål kan registreres som enten \"Tilstede\" eller \"Ubestemt\". Bruk arketypen OBSERVATION.selection_list for dette formålet.",
          "copyright" : "© openEHR Foundation, Nasjonal IKT HF, openEHR Foundation, openEHR Foundation",
          "originalResourceUri" : { },
          "otherDetails" : { }
        },
        "en" : {
          "@type" : "RESOURCE_DESCRIPTION_ITEM",
          "language" : {
            "terminologyId" : {
              "value" : "ISO_639-1"
            },
            "codeString" : "en"
          },
          "purpose" : "To create a framework for recording answers to pre-defined screening questions about the use of any specified medication or grouping of medications.",
          "keywords" : [ "medication, screening, questionnaire, drug, treatment" ],
          "use" : "Use to create a framework for recording answers to pre-defined screening questions about the use of any specified medication or grouping (including classes) of medications.\r\n\r\nExamples of medications, groupings and classes of medications are 'alendronic acid', 'anti osteoporosis medications' and 'bisphosphonates', respectively.\r\n\r\nCommon use cases include, but are not limited to:\r\n- Systematic questioning in any consultation related to patterns of medication usage, for example:\r\n--- Do you use paracetamol? Yes, No, Unknown.\r\n--- Have you been using any anticoagulants the last four weeks? Yes, No, Unknown.\r\n\r\nThe semantics of this archetype are intentionally loose, and querying this archetype would normally only be useful or safe within the context of each specific template. In a template, each data element would usually be renamed to the specific question asked. Where value sets have been proposed for common use cases, these can be adapted for local use by using the DV_TEXT or the DV_BOOLEAN datatypes choice to match each specific use case.\r\n\r\nThe EVENT structure from the reference model can be used to specify whether the questions relate to point in time or over a period of time. Use a separate instance of this archetype to distinguish between a questionnaire recording information about a medication that has been used at any time in the past and information about a medication used within a specified time interval - for example the difference between \"Do you use paracetamol?\" compared to \"Have you been using any anticoagulants during the last four weeks?\".\r\n\r\nThe source of the information in a questionnaire response may vary in different contexts but can be specifically identified using the 'Information provider' element in the Reference Model.\r\n\r\nThis archetype has been designed to be used as a screening tool or to record simple questionnaire-format data for use in situations such as a disease registry. If the screening questionnaire identifies the presence of a medication it is recommended that clinical system record and persist the specific details about the medication using a relevant medication archetype, for example the OBSERVATION.medication_statement to record a detailed snapshot view about the actual use of a single specified medication.",
          "misuse" : "Not to be used for recording an order for a medication to be administered or consumed - use INSTRUCTION.medication_order for this purpose.\r\n\r\nNot to be used for recording the administration, dispensing or consumption of a medication - use ACTION.medication for this purpose.\r\n\r\nNot to be used for recording a summary of use of a medication over the lifetime of the individual - use EVALUATION.medication_summary for this purpose.\r\n\r\nNot to be used to record a detailed snapshot view about the actual use of a single specified medication, outside of a screening context. - use OBSERVATION.medication_statement for this purpose.\r\n\r\nNot to be used to record details about the positive absence of a specific medication or grouping of medication, outside of a screening context. Use EVALUATION.exclusion_specific for this purpose.\r\n\r\nNot to be used to to create a framework for recording answers to pre-defined screening questions about adverse reactions, use an appropriate archetype for this purpose.\r\n\r\nNot to be used to record details about a simple selection list where a question may be recorded as either \"present\" or \"indeterminate\". Use OBSERVATION.selection_list for this purpose.",
          "copyright" : "© openEHR Foundation, Nasjonal IKT HF",
          "originalResourceUri" : { },
          "otherDetails" : { }
        },
        "nl" : {
          "@type" : "RESOURCE_DESCRIPTION_ITEM",
          "language" : {
            "terminologyId" : {
              "value" : "ISO_639-1"
            },
            "codeString" : "nl"
          },
          "purpose" : "*To create a framework for recording answers to pre-defined screening questions about the use of a any medication. (en)",
          "keywords" : [ "*medication, screening, questionnaire, drug, treatment (en)" ],
          "use" : "*Use to create a framework for recording answers to pre-defined screening questions about the use of any specified medication or grouping (including classes) of medications.\r\n\r\nExamples of medications, groupings and classes of medications are 'alendronic acid', 'anti osteoporosis medications' and 'bisphosphonates', respectively.\r\n\r\nCommon use cases include, but are not limited to:\r\n- Systematic questioning in any consultation related to patterns of medication usage , for example:\r\n--- Do you use paracetamol? Yes, No, Unknown.\r\n--- Have you been using any anticoagulants the last four weeks? Yes, No, Unknown.\r\n\r\nThe semantics of this archetype are intentionally loose, and querying this archetype would normally only be useful or safe within the context of each specific template. In a template, each data element would usually be renamed to the specific question asked. Where value sets have been proposed for common use cases, these can be adapted for local use by using the 'text' choice to match each specific use case.\r\n\r\nThe EVENT structure from the reference model can be used to specify whether the questions relate to point in time or over a period of time. Use a separate instance of this archetype to distinguish between a questionnaire recording information about a procedure that has been performed at any time in the past and information about a procedure performed within a specified time interval - for example the difference between \"Do you use paracetamol?\" compared to \"Have you been using any anticoagulants the last four weeks?\".\r\n\r\nThe source of the information in a questionnaire response may vary in different contexts but can be specifically identified using the 'Information provider' element in the Reference Model.\r\n\r\nThis archetype has been designed to be used as a screening tool or to record simple questionnaire-format data for use in situations such as a disease registry. If the screening questionnaire identifies the presence of a medication it is recommended that clinical system record and persist the specific details about the medication using a relevant medication archetype, for example the OBSERVATION.medication_statement to record a detailed snapshot view about the actual use of a single specified medication. (en)",
          "misuse" : "*Not to be used for recording an order for a medication to be administered or consumed - use INSTRUCTION.medication_order for this purpose.\r\n\r\nNot to be used for recording the administration, dispensing or consumption of a medication - use ACTION.medication for this purpose.\r\n\r\nNot to be used for recording a summary of use of a medication over the lifetime of the individual - use EVALUATION.medication_summary for this purpose.\r\n\r\nNot to be used to record a detailed snapshot view about the actual use of a single specified medication, outside of a screening context. - use OBSERVATION.medication_statement for this purpose.\r\n\r\nNot to be used to record details about the positive absence of a specific medication or grouping of medication, outside of a screening context. Use EVALUATION.exclusion_specific for this purpose.\r\n\r\nNot to be used to to create a framework for recording answers to pre-defined screening questions about adverse reactions, use an appropriate archetype for this purpose.\r\n\r\nNot to be used to record details about a simple selection list where a question may be recorded as either \"present\" or \"indeterminate\". Use OBSERVATION.selection_list for this purpose. (en)",
          "originalResourceUri" : { },
          "otherDetails" : { }
        }
      }
    },
    "parentArchetypeId" : "openEHR-EHR-OBSERVATION.medication_screening.v1",
    "differential" : true,
    "archetypeId" : {
      "@type" : "ARCHETYPE_HRID",
      "value" : "openEHR-EHR-OBSERVATION.ovl-medication_screening-001.v1"
    },
    "definition" : {
      "@type" : "C_COMPLEX_OBJECT",
      "rmTypeName" : "OBSERVATION",
      "nodeId" : "at0000.1",
      "attributes" : [ {
        "@type" : "C_ATTRIBUTE",
        "rmAttributeName" : "data",
        "children" : [ {
          "@type" : "C_COMPLEX_OBJECT",
          "rmTypeName" : "HISTORY",
          "nodeId" : "at0022",
          "attributes" : [ {
            "@type" : "C_ATTRIBUTE",
            "rmAttributeName" : "events",
            "children" : [ {
              "@type" : "C_COMPLEX_OBJECT",
              "rmTypeName" : "POINT_EVENT",
              "nodeId" : "at0023.1",
              "attributes" : [ {
                "@type" : "C_ATTRIBUTE",
                "rmAttributeName" : "data",
                "children" : [ {
                  "@type" : "C_COMPLEX_OBJECT",
                  "rmTypeName" : "ITEM_TREE",
                  "nodeId" : "at0001",
                  "attributes" : [ {
                    "@type" : "C_ATTRIBUTE",
                    "rmAttributeName" : "items",
                    "children" : [ {
                      "@type" : "C_COMPLEX_OBJECT",
                      "rmTypeName" : "ELEMENT",
                      "nodeId" : "at0040.1",
                      "attributes" : [ {
                        "@type" : "C_ATTRIBUTE",
                        "rmAttributeName" : "value",
                        "children" : [ {
                          "@type" : "C_COMPLEX_OBJECT",
                          "rmTypeName" : "DV_CODED_TEXT",
                          "occurrences" : "1..1",
                          "attributes" : [ {
                            "@type" : "C_ATTRIBUTE",
                            "rmAttributeName" : "defining_code",
                            "children" : [ {
                              "@type" : "C_TERMINOLOGY_CODE",
                              "rmTypeName" : "TERMINOLOGY_CODE",
                              "occurrences" : "0..1",
                              "terminologyId" : {
                                "value" : "no.onk.kart.medikamenter"
                              },
                              "constraint" : [ ],
                              "selectedTerminologies" : [ "no.onk.kart.medikamenter" ],
                              "includedExternalTerminologyCodes" : [ {
                                "terminologyId" : "no.onk.kart.medikamenter",
                                "code" : "MED",
                                "value" : "medikamenter"
                              } ]
                            } ]
                          } ],
                          "attributeTuples" : [ ]
                        } ]
                      } ],
                      "attributeTuples" : [ ]
                    }, {
                      "@type" : "C_COMPLEX_OBJECT",
                      "rmTypeName" : "ELEMENT",
                      "occurrences" : "0..0",
                      "nodeId" : "at0027.1",
                      "attributes" : [ {
                        "@type" : "C_ATTRIBUTE",
                        "rmAttributeName" : "value",
                        "children" : [ {
                          "@type" : "C_COMPLEX_OBJECT",
                          "rmTypeName" : "DV_BOOLEAN",
                          "attributes" : [ ],
                          "attributeTuples" : [ ]
                        } ]
                      } ],
                      "attributeTuples" : [ ]
                    }, {
                      "@type" : "C_COMPLEX_OBJECT",
                      "rmTypeName" : "ELEMENT",
                      "nodeId" : "at0043.1",
                      "attributes" : [ ],
                      "attributeTuples" : [ ]
                    }, {
                      "@type" : "C_COMPLEX_OBJECT",
                      "rmTypeName" : "CLUSTER",
                      "occurrences" : "0..0",
                      "nodeId" : "at0026.1",
                      "attributes" : [ ],
                      "attributeTuples" : [ ]
                    } ]
                  } ],
                  "attributeTuples" : [ ]
                } ]
              } ],
              "attributeTuples" : [ ]
            } ]
          } ],
          "attributeTuples" : [ ]
        } ]
      } ],
      "attributeTuples" : [ ]
    },
    "terminology" : {
      "@type" : "ARCHETYPE_TERMINOLOGY",
      "conceptCode" : "at0000",
      "termDefinitions" : {
        "en" : { },
        "nb" : {
          "at0043.1" : {
            "@type" : "ARCHETYPE_TERM",
            "code" : "at0043.1",
            "text" : "Beskrivelse av medikamenter ved innkomst",
            "description" : "Fritekstbeskrivelse om bruken av legemidler ved innkomst.\nHusk samstemming av legemidler. \nMedikamenter skal oppdateres i kurve.\n\n"
          }
        },
        "de" : { },
        "nl" : { }
      },
      "termBindings" : { },
      "terminologyExtracts" : { },
      "valueSets" : { }
    },
    "adlVersion" : "1.4",
    "buildUid" : "69e0144e-0112-47b7-8276-535e341be287",
    "rmName" : "openehr",
    "rmRelease" : "1.1.0",
    "generated" : true,
    "otherMetaData" : { },
    "originalLanguage" : {
      "terminologyId" : {
        "value" : "ISO_639-1"
      },
      "codeString" : "en"
    },
    "translations" : [ {
      "@type" : "TRANSLATION_DETAILS",
      "language" : {
        "terminologyId" : {
          "value" : "ISO_639-1"
        },
        "codeString" : "de"
      },
      "author" : {
        "name" : "Kim Sommer, Natalia Strauch, Alina Rehberg",
        "organisation" : "Medizinische Hochschule Hannover",
        "email" : "sommer.kimkatrin@mh-hannover.de, Strauch.Natalia@mh-hannover.de, rehberg.alina@mh-hannover.de"
      },
      "otherDetails" : { }
    }, {
      "@type" : "TRANSLATION_DETAILS",
      "language" : {
        "terminologyId" : {
          "value" : "ISO_639-1"
        },
        "codeString" : "nb"
      },
      "author" : {
        "name" : "Silje Ljosland Bakke, John Tore Valand",
        "organisation" : "Helse Vest IKT AS, Helse Bergen",
        "email" : "silje.ljosland.bakke@helse-vest-ikt.no, john.tore.valand@helse-bergen.no, john.tore.valand@helse-vest-ikt.no"
      },
      "otherDetails" : { }
    }, {
      "@type" : "TRANSLATION_DETAILS",
      "language" : {
        "terminologyId" : {
          "value" : "ISO_639-1"
        },
        "codeString" : "nl"
      },
      "author" : {
        "name" : "Martijn van Eenennaam",
        "organisation" : "Nedap Healthcare",
        "email" : "martijn.vaneenennaam@nedap.com"
      },
      "accreditation" : "PhD",
      "otherDetails" : { }
    } ]
  } ],
  "originalLanguage" : {
    "terminologyId" : {
      "value" : "ISO_639-1"
    },
    "codeString" : "en"
  },
  "translations" : [ {
    "@type" : "TRANSLATION_DETAILS",
    "language" : {
      "terminologyId" : {
        "value" : "ISO_639-1"
      },
      "codeString" : "de"
    },
    "author" : { },
    "otherDetails" : { }
  }, {
    "@type" : "TRANSLATION_DETAILS",
    "language" : {
      "terminologyId" : {
        "value" : "ISO_639-1"
      },
      "codeString" : "ru"
    },
    "author" : { },
    "otherDetails" : { }
  }, {
    "@type" : "TRANSLATION_DETAILS",
    "language" : {
      "terminologyId" : {
        "value" : "ISO_639-1"
      },
      "codeString" : "sv"
    },
    "author" : { },
    "otherDetails" : { }
  }, {
    "@type" : "TRANSLATION_DETAILS",
    "language" : {
      "terminologyId" : {
        "value" : "ISO_639-1"
      },
      "codeString" : "es-ar"
    },
    "author" : { },
    "otherDetails" : { }
  }, {
    "@type" : "TRANSLATION_DETAILS",
    "language" : {
      "terminologyId" : {
        "value" : "ISO_639-1"
      },
      "codeString" : "nb"
    },
    "author" : { },
    "otherDetails" : { }
  }, {
    "@type" : "TRANSLATION_DETAILS",
    "language" : {
      "terminologyId" : {
        "value" : "ISO_639-1"
      },
      "codeString" : "pt-br"
    },
    "author" : { },
    "otherDetails" : { }
  }, {
    "@type" : "TRANSLATION_DETAILS",
    "language" : {
      "terminologyId" : {
        "value" : "ISO_639-1"
      },
      "codeString" : "sl"
    },
    "author" : { },
    "otherDetails" : { }
  }, {
    "@type" : "TRANSLATION_DETAILS",
    "language" : {
      "terminologyId" : {
        "value" : "ISO_639-1"
      },
      "codeString" : "it"
    },
    "author" : { },
    "otherDetails" : { }
  }, {
    "@type" : "TRANSLATION_DETAILS",
    "language" : {
      "terminologyId" : {
        "value" : "ISO_639-1"
      },
      "codeString" : "fr"
    },
    "author" : { },
    "otherDetails" : { }
  } ]
}