{
  "@type" : "TEMPLATE",
  "uid" : "459e617e-5bf3-4a8c-b0fe-5acbbd0ae385",
  "description" : {
    "@type" : "RESOURCE_DESCRIPTION",
    "originalAuthor" : {
      "date" : "2025-01-31"
    },
    "otherContributors" : [ ],
    "lifecycleState" : {
      "codeString" : "unmanaged"
    },
    "ipAcknowledgements" : { },
    "references" : { },
    "conversionDetails" : { },
    "otherDetails" : {
      "licence" : "This work is licensed under the Creative Commons Attribution-ShareAlike 4.0 International License. To view a copy of this license, visit http://creativecommons.org/licenses/by-sa/4.0/.",
      "custodian_organisation" : "openEHR Foundation",
      "original_namespace" : "org.openehr",
      "original_publisher" : "openEHR Foundation",
      "custodian_namespace" : "org.openehr",
      "MD5-CAM-1.0.1" : "0224f19b6386ed3b9b62bb1403041e6f",
      "PARENT:MD5-CAM-1.0.1" : "9D358EB1048EA1401802C3E1FDFB9A29",
      "sem_ver" : "1.0.1",
      "build_uid" : ""
    },
    "details" : {
      "de" : {
        "@type" : "RESOURCE_DESCRIPTION_ITEM",
        "language" : {
          "terminologyId" : {
            "value" : "ISO_639-1"
          },
          "codeString" : "de"
        },
        "keywords" : [ ],
        "originalResourceUri" : { },
        "otherDetails" : { }
      },
      "sv" : {
        "@type" : "RESOURCE_DESCRIPTION_ITEM",
        "language" : {
          "terminologyId" : {
            "value" : "ISO_639-1"
          },
          "codeString" : "sv"
        },
        "keywords" : [ ],
        "originalResourceUri" : { },
        "otherDetails" : { }
      },
      "ru" : {
        "@type" : "RESOURCE_DESCRIPTION_ITEM",
        "language" : {
          "terminologyId" : {
            "value" : "ISO_639-1"
          },
          "codeString" : "ru"
        },
        "keywords" : [ ],
        "originalResourceUri" : { },
        "otherDetails" : { }
      },
      "nb" : {
        "@type" : "RESOURCE_DESCRIPTION_ITEM",
        "language" : {
          "terminologyId" : {
            "value" : "ISO_639-1"
          },
          "codeString" : "nb"
        },
        "keywords" : [ ],
        "originalResourceUri" : { },
        "otherDetails" : { }
      },
      "es-ar" : {
        "@type" : "RESOURCE_DESCRIPTION_ITEM",
        "language" : {
          "terminologyId" : {
            "value" : "ISO_639-1"
          },
          "codeString" : "es-ar"
        },
        "keywords" : [ ],
        "originalResourceUri" : { },
        "otherDetails" : { }
      },
      "pt-br" : {
        "@type" : "RESOURCE_DESCRIPTION_ITEM",
        "language" : {
          "terminologyId" : {
            "value" : "ISO_639-1"
          },
          "codeString" : "pt-br"
        },
        "keywords" : [ ],
        "originalResourceUri" : { },
        "otherDetails" : { }
      },
      "en" : {
        "@type" : "RESOURCE_DESCRIPTION_ITEM",
        "language" : {
          "terminologyId" : {
            "value" : "ISO_639-1"
          },
          "codeString" : "en"
        },
        "keywords" : [ ],
        "originalResourceUri" : { },
        "otherDetails" : { }
      },
      "sl" : {
        "@type" : "RESOURCE_DESCRIPTION_ITEM",
        "language" : {
          "terminologyId" : {
            "value" : "ISO_639-1"
          },
          "codeString" : "sl"
        },
        "keywords" : [ ],
        "originalResourceUri" : { },
        "otherDetails" : { }
      },
      "it" : {
        "@type" : "RESOURCE_DESCRIPTION_ITEM",
        "language" : {
          "terminologyId" : {
            "value" : "ISO_639-1"
          },
          "codeString" : "it"
        },
        "keywords" : [ ],
        "originalResourceUri" : { },
        "otherDetails" : { }
      },
      "fr" : {
        "@type" : "RESOURCE_DESCRIPTION_ITEM",
        "language" : {
          "terminologyId" : {
            "value" : "ISO_639-1"
          },
          "codeString" : "fr"
        },
        "keywords" : [ ],
        "originalResourceUri" : { },
        "otherDetails" : { }
      }
    }
  },
  "parentArchetypeId" : "openEHR-EHR-SECTION.adhoc.v1",
  "differential" : true,
  "archetypeId" : {
    "@type" : "ARCHETYPE_HRID",
    "value" : "openEHR-EHR-SECTION.vurderintiltak.v1"
  },
  "definition" : {
    "@type" : "C_COMPLEX_OBJECT",
    "rmTypeName" : "SECTION",
    "nodeId" : "at0000.1",
    "attributes" : [ {
      "@type" : "C_ATTRIBUTE",
      "rmAttributeName" : "items",
      "existence" : "0..1",
      "children" : [ {
        "@type" : "C_ARCHETYPE_ROOT",
        "rmTypeName" : "EVALUATION",
        "occurrences" : "1..1",
        "nodeId" : "at0.1",
        "attributes" : [ ],
        "attributeTuples" : [ ],
        "archetypeRef" : "openEHR-EHR-EVALUATION.ovl-clinical_synopsis-033.v1",
        "referenceType" : "archetypeOverlay"
      } ]
    } ],
    "attributeTuples" : [ ]
  },
  "terminology" : {
    "@type" : "ARCHETYPE_TERMINOLOGY",
    "conceptCode" : "at0000",
    "termDefinitions" : {
      "en" : {
        "at0000.1" : {
          "@type" : "ARCHETYPE_TERM",
          "code" : "at0000.1",
          "text" : "Vurderin/tiltak",
          "description" : "A generic section header which should be renamed in a template to suit a specific clinical context."
        }
      },
      "ru" : {
        "at0000.1" : {
          "@type" : "ARCHETYPE_TERM",
          "code" : "at0000.1",
          "text" : "Vurderin/tiltak",
          "description" : "Образец заголовка раздела"
        }
      },
      "es-ar" : {
        "at0000.1" : {
          "@type" : "ARCHETYPE_TERM",
          "code" : "at0000.1",
          "text" : "Vurderin/tiltak",
          "description" : "Un encabezado de sección de tipo genérico que será renombrado en una plantilla para su empleo en un contexto clínico específico."
        }
      },
      "sl" : {
        "at0000.1" : {
          "@type" : "ARCHETYPE_TERM",
          "code" : "at0000.1",
          "text" : "Vurderin/tiltak",
          "description" : "Naslov sekcije"
        }
      },
      "nb" : {
        "at0000.1" : {
          "@type" : "ARCHETYPE_TERM",
          "code" : "at0000.1",
          "text" : "Oppsummering, vurdering, tiltak",
          "description" : "Fritekstlig oppsummering, vurdering, tiltak, konklusjoner eller evaluering av de kliniske funnene."
        }
      },
      "pt-br" : {
        "at0000.1" : {
          "@type" : "ARCHETYPE_TERM",
          "code" : "at0000.1",
          "text" : "Vurderin/tiltak",
          "description" : "Um cabeçalho de sessão genérico que deve ser renomeado no template para adequar-se a um contexto clínico específico."
        }
      },
      "sv" : {
        "at0000.1" : {
          "@type" : "ARCHETYPE_TERM",
          "code" : "at0000.1",
          "text" : "Vurderin/tiltak",
          "description" : "En allmän avsnittsrubrik som döps om i en openEHR-mall för att passa in i en specifik klinisk kontext."
        }
      },
      "de" : {
        "at0000.1" : {
          "@type" : "ARCHETYPE_TERM",
          "code" : "at0000.1",
          "text" : "Vurderin/tiltak",
          "description" : "Eine generische Abschnittsüberschrift eines Templates, welche entsprechend dem spezifischen klinischen Kontext umbenannt werden sollte."
        }
      },
      "it" : {
        "at0000.1" : {
          "@type" : "ARCHETYPE_TERM",
          "code" : "at0000.1",
          "text" : "Vurderin/tiltak",
          "description" : "Un'intestazione di sezione generica che dovrebbe essere rinominata in un template per adattarsi ad uno specifico contesto clinico."
        }
      },
      "fr" : {
        "at0000.1" : {
          "@type" : "ARCHETYPE_TERM",
          "code" : "at0000.1",
          "text" : "Vurderin/tiltak",
          "description" : "Un en-tête de section générique qui doit être renommé dans un modèle pour s'adapter à un contexte clinique spécifique."
        }
      }
    },
    "termBindings" : { },
    "terminologyExtracts" : { },
    "valueSets" : { }
  },
  "adlVersion" : "1.4",
  "buildUid" : "56b1e707-726d-3476-a6ea-eaa7c7c62721",
  "rmName" : "openehr",
  "rmRelease" : "1.1.0",
  "generated" : true,
  "templateId" : "Oppsummering, vurdering og tiltak",
  "otherMetaData" : { },
  "templateOverlays" : [ {
    "@type" : "TEMPLATE_OVERLAY",
    "uid" : "5f504026-866b-44d5-80f2-979fa326b190",
    "description" : {
      "@type" : "RESOURCE_DESCRIPTION",
      "originalAuthor" : { },
      "otherContributors" : [ ],
      "ipAcknowledgements" : { },
      "references" : { },
      "conversionDetails" : { },
      "otherDetails" : {
        "PARENT:MD5-CAM-1.0.1" : "F35DE47FF9CEF9324F8274276502C001"
      },
      "details" : {
        "de" : {
          "@type" : "RESOURCE_DESCRIPTION_ITEM",
          "language" : {
            "terminologyId" : {
              "value" : "ISO_639-1"
            },
            "codeString" : "de"
          },
          "purpose" : "Die manuelle Herstellung und Aufnahme einer Zusammenfassung einer Patientengeschichte, aus der Sicht eines Gesundheitsdienstleisters.",
          "keywords" : [ "Zusammenfassung", "Schlussfolgerung", "Kurzdarstellung", "Abriss", "Abstract", "Beurteilung", "Synopsis", "Epikrise", "Anmerkung", "Bemerkung" ],
          "use" : "Benutzung für die Aufnahme einer geschichtlichen, zusammenfassenden Ansicht des Gesundheitszustandes des Patienten. Diese unstrukturierte Zusammenfassung kann identifizierte Gesundheitsprobleme, erbrachte Gesundheitsdienstleistungen, dazugehörige Interpretationen und Verständnis des Patienten enthalten sowie die Mitteilung mancher der subjektiverern, weicheren Aspekte über die Erfahrung und Geschichte aus Sicht des Patienten ermöglichen. Typischerweise hängt diese Zusammenfassung mit einem bestimmten Gesundheitsereignis zusammen, z. B. einem bestimmten Arztbesuch oder einer spezifischen Krankenhausaufnahme, kann jedoch auch benutzt werden um das Erlebnis des Patienten über verschiedene Zeitperioden zusammenzufassen.\r\nIn Wirklichkeit ist Clinical Synopsis eine Meta-Beobachtung, die die bestehende strukturierte klinische Akte ergänzt, um subtile, subjektive oder interpretative Informationen über den Patienten ausdrücken zu können, die sonst alleine durch strukturierte Daten möglicherweise nicht deutlich werden; dies soll eine balancierte, kontextspezifische elektronische Patientenakte unterstützen.\r\nBeispielsweise kann eine Clinical Synopsis eine kurze Zusammenfassung der Aufnahme eines Patienten als eine Komponente eines umfassenden und strukturierten Epikrise-Dokuments übermitteln.",
          "misuse" : "Nicht zu benutzen um genaue und strukturierte Informationen aufzunehmen. Beispielsweise sollten detaillierte Informationen über Probleme, Diagnosen und Testergebnisse durch die entsprechend relevanten Archetypen EVALUATION.problem, EVALUATION.problem-diagnosis und OBSERVATION-Archetypen für Labpr- oder radiologische Ergebnisse aufgenommen werden. Die Clinical Synopsis darf manche kritische bzw. ausgewählte numerische Ergebnisse aus diesen strukturierten Details überbringen, wenn diese als wichtig für die Vollständigkeit der Synopsis beurteilt werden; sie ist jedoch NICHT die primäre Stelle zur Aufnahme solcher Informationen.\r\nDer Begriff \"Klinische Synopsis\" kann sich manchmal auf komplexe und umfangreiche Dokumente beziehen, z. B. eine Epikrise (Discharge Summary) oder ein Bericht (Report). In openEHR sollten diese Dokumente als Aggregationen eingeschränkter Archetypen dargestellt werden (sprich openEHR \"templates\"), d. h. eine Epikrise- oder Bericht-Vorlage, die aus mehreren einzelnen Archetypen besteht, wovon der Clinical Synopsis-Archetyp einer sein könnte.\r\n",
          "copyright" : "© openEHR Foundation",
          "originalResourceUri" : { },
          "otherDetails" : { }
        },
        "sv" : {
          "@type" : "RESOURCE_DESCRIPTION_ITEM",
          "language" : {
            "terminologyId" : {
              "value" : "ISO_639-1"
            },
            "codeString" : "sv"
          },
          "purpose" : "Att registrera en beskrivande sammanfattning om en patient, ur vårdgivarens perspektiv.",
          "keywords" : [ "sammanfattning", "slutsats", "sammandrag", "exakt", "abstrakt", "bedömning", "synopsis", "epikris", "kommentar", "anteckning" ],
          "use" : "Används för att sammanfatta patientens hälsotillstånd. Denna ostrukturerade sammanfattning kan innehålla identifierade hälsoproblem, vilken hälsovård som tillhandahållits, tolkning av sammanhanget, för patientens förståelse. Här kan några av de mjukare, mer subjektiva aspekterna av patientens upplevelse och resa kan beskrivas. Vanligtvis är den här sammanfattningen relaterad till en specifik hälsohändelse, exempelvis en specifik konsultation eller sjukhusvistelse, men den kan också användas för att sammanfatta patientens hälsohistorik under olika tidsperioder.\r\n\r\nI praktiken är klinisk synopsis en metaobservation som kompletterar det befintliga strukturerade kliniska registret. Den tillåter uttryck för subtil, subjektiv eller tolkande information om patienten som kanske inte annars är uppenbar genom enbart strukturerade data, vilket ger en balans och kontext till EHR-dokumentet. Exempelvis kan en klinisk sammanfattning återge en kortfattad sammanfattning av patientens sjukhusvistelse som en del i ett omfattande och strukturerat utskrivningsdokument.",
          "misuse" : "Ska inte användas för att beskriva specifika och strukturerade hälsouppgifter. Exempelvis vid detaljerad information om problem, diagnoser och testresultat ska den specifika relevanta arketypen EVALUATION.problem, EVALUATION.problem-diagnos samt laboratorie- eller radiologiresultat i OBSERVATIONER användas. \r\n\r\nDen kliniska synopsisen kan återge några kritiska och numeriska resultat när de bedömts viktiga för synopsisens helhet, men det är INTE den primära registreringsplatsen för dem.\r\nUttrycket \"klinisk synopsis\" kan ibland referera till komplexa och omfattande dokument, exempelvis som översikter över utskrivningar eller rapporter. I openEHR ska dessa dokument presenteras som samlingar av begränsade arketyper, dvs. som en mall för sammanfattning av utskrivning eller en rapportmall som innehåller ett antal separata arketyper, av vilka denna kliniska sammanfattnings-arketyp kan vara en.",
          "copyright" : "© openEHR Foundation",
          "originalResourceUri" : { },
          "otherDetails" : { }
        },
        "nb" : {
          "@type" : "RESOURCE_DESCRIPTION_ITEM",
          "language" : {
            "terminologyId" : {
              "value" : "ISO_639-1"
            },
            "codeString" : "nb"
          },
          "purpose" : "For å sammenfatte og dokumentere et fritekstsammendrag om en pasient fra helsepersonellets perspektiv.",
          "keywords" : [ "sammendrag", "konklusjon", "disposisjon", "abstrakt", "vurdering", "beskrivelse", "epikrise", "notat" ],
          "use" : "Anvendes for å registrere en fritekstoppsummering av pasientens helse. Denne ustrukturerte oppsummeringen kan omfatte identifiserte helseproblemer; helsetjenester som er ytt, klinisk fortolkning, pasientens forståelse samt at den muliggjør kommunikasjon vedrørende mer subtile og subjektive aspekter rundt pasientens helseerfaringer. Vanligvis vil denne oppsummeringen bli brukt ved spesifikke hendelser, for eksempel ved en konsultasjon eller sykehusinnleggelse, men oppsummeringen kan også brukes til å sammenfatte pasientens egne erfaringer over varierende tidsperioder. \r\n\r\nI praksis er Klinisk sammendrag en overordnet (meta) observasjon som vil fungere som et tillegg til eksisterende strukturert journal. Dette for å kunne fange og dokumentere pasientenes subtile, subjektive og/eller fortolkede informasjon som ellers alene ikke vil bli tydeliggjort godt nok ved hjelp av strukturerte data alene. Klinisk sammendrag vil således bidra til å gi kontekst og balanse i den elektroniske pasientjournalen. For eksempel kan Klinisk sammendrag gi en konkret oppsummering av pasientens sykehusinnleggelse som en del av en strukturert epikrise.",
          "misuse" : "Anvendes ikke for å registrere spesifikk strukturert helseinformasjon. For eksempel vil detaljer om problemer, diagnoser og prøveresultat registreres ved hjelp av arketyper som for eksempel EVALUATION.problem_diagnosis, og laboratorie- eller radiologi svar i passende OBSERVATION-arketyper. \"Klinisk sammendrag\" kan for helhetens skyld inkludere og referere enkelte viktige numeriske resultat fra de strukturerte data, men er ikke det primære stedet for registrering av dem.\r\n\r\nBegrepet \"Klinisk sammendrag\" kan i enkelte tilfeller henvise til sammensatte og omfattende dokumenter, som epikriser og ut-notater. I openEHR vil en epikrise eller ut-notat representeres med aggregert informasjon fra underliggende arketyper ved hjelp av templater. Klinisk Sammendrag vil da være kun én av flere arketyper som blir inkludert.",
          "copyright" : "© openEHR Foundation",
          "originalResourceUri" : { },
          "otherDetails" : { }
        },
        "es-ar" : {
          "@type" : "RESOURCE_DESCRIPTION_ITEM",
          "language" : {
            "terminologyId" : {
              "value" : "ISO_639-1"
            },
            "codeString" : "es-ar"
          },
          "purpose" : "Para sintetizar manualmente y registrar en forma narrativa un sumario acerca de un paciente, desde la perspectiva de un profesional del cuidado de la salud.",
          "keywords" : [ "sumario", "conclusión", "visión global", "resumen", "extracto", "evaluación", "sinopsis", "epicrisis", "comentario", "nota" ],
          "use" : "Usado para registrar en forma narrativa, una vista resumida del estado de salud del paciente. Este sumario no estructurado, puede incluir problemas/condiciones de salud identificados, cuidados de la salud provistos, interpretaciones clínicas asociadas y el entendimiento del paciente acerca de su condición clínica. Esta síntesis puede permitir la comunicación acerca de aspectos más sutiles y subjetivos en relación con la experiencia del paciente. Mas comúnmente este sumario estará probablemente relacionado con eventos de salud específicos tales como consultas médicas concretas o internaciones, pero puede también ser usado para sumarizar la experiencia del paciente en relación con su salud, en diferentes periodos de tiempo. \r\nEn la práctica, la Sinopsis Clínica es una meta-observación que complementará el registro clínico estructurado existente, permitiendo la expresión de información sutil, subjetiva o interpretativa acerca del paciente, que podría no ser obvia a través de solamente analizar los datos estructurados, proveyendo de esta forma balance y contexto al registro clínico.\r\nPor ejemplo, una Sinopsis Clínica puede comunicar un sumario sucinto de una internación del paciente, como un componente dentro de un documento de Epicrisis completo y estructurado.",
          "misuse" : "No debe usarse para registrar información de salud estructurada y específica. Por ejemplo, información detallada relacionada con Problemas, Diagnósticos y Resultados de Estudios debería ser registrada usando los arquetipos específicos y relevantes EVALUATION.problem, EVALUATION.problem-diagnosis y resultados de laboratorio o imágenes en OBSERVATIONs. La Sinopsis Clínica puede expresar algunos resultados numéricos seleccionados críticos (presentes en secciones estructuradas específicas), cuando sean juzgados importantes para la completitud de la Sinopsis pero NO es el sitio primario de registro para esta información.\r\nEl término “Sinopsis Clínica” puede referirse a veces a documentos complejos y detallados tales como Epicrisis o Reportes. En openEHR, estos documentos deberían ser representados como agregaciones de arquetipos restringidos. Por ejemplo, una plantilla de Epicrisis o de Reporte deberían estar compuestos por un grupo de arquetipos (entre los que se encontraría la Sinopsis Clínica).",
          "copyright" : "© openEHR Foundation",
          "originalResourceUri" : { },
          "otherDetails" : { }
        },
        "pt-br" : {
          "@type" : "RESOURCE_DESCRIPTION_ITEM",
          "language" : {
            "terminologyId" : {
              "value" : "ISO_639-1"
            },
            "codeString" : "pt-br"
          },
          "purpose" : "Para sintetizar manualmente e gravar um sumário narrativo sobre um paciente, a partir da perspectiva de um profissional de saúde.",
          "keywords" : [ "sumário", "conclusão", "esboço", "resumo", "abstrato", "avaliação", "sinopse", "epícrise", "comentário", "anotações" ],
          "use" : "Usado para registrar uma narrativa, visão sumarizada da saúde do paciente. Esse sumário não estruturado pode incluir questões médicas identificadas; plano de saúde fornecido; interpretação associada; compreensão do paciente; e permite comunicação sobre alguns dos mais sutis, mais subjetivos aspectos da experiência do paciente e jornada. Mais comumente esse sumário aparenta estar relacionado para um evento médico específico como uma consulta específica ou admissão hospitalar, mas também pode ser usado para sumarizar a experiência médica do paciente em diferentes períodos de tempo. \r\nNa prática, Sinopse Clínica é uma meta-observação que complementará o registro clínico estruturado existente, permitindo a expressão da sutil, subjetiva ou interpretativa informação sobre o paciente que de outra forma, através de um documento estruturado sozinho pode não ser óbvia , provendo balanceamento e contexto ao registro Eletrônico de Saúde. \r\nPor exemplo, uma Sinopse Clínica pode comunicar um sumário sucinto da admissão hospitalar do paciente como um componente de um estruturado e compreensivo Documento de Sumário de Alta.",
          "misuse" : "*Not to be used to record specific and structured health information. For example, detailed information about Problems, Diagnoses, and Test Results should be recorded using the specific relevant archetypes EVALUATION.problem, EVALUATION.problem-diagnosis, and laboratory or radiology results in OBSERVATIONs. The Clinical Synopsis may convey some critical and selected numerical results from these structured details when judged important for completeness of the Synopsis but is NOT the primary recording site for them.\r\nThe term “Clinical Synopsis” can sometimes refer to complex and comprehensive documents, such as a Discharge Summary or a Report. In openEHR these documents should be represented as aggregations of constrained archetypes, that is, a Discharge Summary template or a Report template, comprising a number of separate archetypes, of which this Clinical Synopsis archetype may be one.(en)",
          "copyright" : "© openEHR Foundation",
          "originalResourceUri" : { },
          "otherDetails" : { }
        },
        "en" : {
          "@type" : "RESOURCE_DESCRIPTION_ITEM",
          "language" : {
            "terminologyId" : {
              "value" : "ISO_639-1"
            },
            "codeString" : "en"
          },
          "purpose" : "To manually synthesise and record a narrative summary about a patient, from the perspective of a healthcare provider.",
          "keywords" : [ "summary", "conclusion", "outline", "precis", "abstract", "assessment", "synopsis", "epicrisis", "comment", "note" ],
          "use" : "Use to record a narrative, summary view of the patient's health.  This unstructured summary may include identified health issues; health care provided; associated interpretation; patient understanding; and enable communication about some of the softer, more subjective aspects of the patient’s experience and journey. Most commonly this summary is likely to be related to a specific health event such as a specific consultation or hospital admission, but may also be used to summarise the patient's health experience over varying time periods. \r\nIn practice, Clinical Synopsis is a meta observation that will complement the existing structured clinical record, allowing for expression of subtle, subjective or interpretive information about the patient that might not otherwise be obvious through structured data alone, providing balance and context to the EHR record.  \r\nFor example, a Clinical Synopsis can communicate a succinct summary of the patient's hospital admission as one component of a comprehensive and structured Discharge Summary document.",
          "misuse" : "Not to be used to record specific and structured health information. For example, detailed information about Problems, Diagnoses, and Test Results should be recorded using the specific relevant archetypes EVALUATION.problem, EVALUATION.problem-diagnosis, and laboratory or radiology results in OBSERVATIONs. The Clinical Synopsis may convey some critical and selected numerical results from these structured details when judged important for completeness of the Synopsis but is NOT the primary recording site for them.\r\nThe term “Clinical Synopsis” can sometimes refer to complex and comprehensive documents, such as a Discharge Summary or a Report. In openEHR these documents should be represented as aggregations of constrained archetypes, that is, a Discharge Summary template or a Report template, comprising a number of separate archetypes, of which this Clinical Synopsis archetype may be one.",
          "copyright" : "© openEHR Foundation",
          "originalResourceUri" : { },
          "otherDetails" : { }
        },
        "ar-sy" : {
          "@type" : "RESOURCE_DESCRIPTION_ITEM",
          "language" : {
            "terminologyId" : {
              "value" : "ISO_639-1"
            },
            "codeString" : "ar-sy"
          },
          "purpose" : "لتسجيل ملخص برواية تم توليفها يدويا عن مريض من وجهة نظر مقدم الرعاية الصحية ",
          "keywords" : [ "ملخص", "استنتاج", "إطار", "دقيق", "مستخلص", "تقييم", "مختصر", "نوبة إضافية", "تعليق", "ملحوظة" ],
          "use" : "لتسجيل رؤية ملخصة بتوليف رواية عن صحة المريض. هذا الملخص غير المركب قد يتضمن قضايا صحية مُعَرَّفة, تم تقديمها بواسطة مقدم الخدمة الصحية, مع إرفاق تفسير, و تفَهُّم المريض, و يُمَكِّن من توصيل بعض من الجوانب البسيطة غير موضوعية من خبرة و رحلة المريض.\r\nو غالبا ما يكون هذا الملخص ذي احتمال عالي أن يكون متعلقا بواقعة صحية, مثل استشارة معينة أو إدخال إلى المستشفى, و لكن قد يستخدم في تلخيص الخبرة الصحية للمريض خلال فترات زمنية متعددة.\r\nفي الممارسة المعتادة, يعتبر المختصر السريري هو ملاحظة عامة تُكَمِّل السجل السريري المركب, و تسمح بالتعبير عن المعلومات الرقيقة غير الموضوعية التفسيرية عن المريض, و التي قد لا تكون واضحة إذا استخدم البيانات المركبة وحدها, بما يزوِّد اتزانا و سياقا للسجل الطبي الإلكتروني. \r\nمثل, قد يقوم المختصر السريري بتوصيل ملخص موجز عن إدخال المريض إلى المستشفى كجزء من وثيقة شاملة و مركبة حول ملخص الخروج.",
          "misuse" : "لا يستخدم لتسجيل المعلومات الصحية المحددة و المركبة. مثلا, ينبغي تسجيل المعلومات التفصيلية حول المشكلات, التشخيصات, و نتائج الاختبارات باستخدام النماذج المخصصة ذات الصلة مثل (تقييم. مشكلة) و (تقييم. مشكلة - تشخيص) و نتائج اختبارات المعمل و التصوير الإشعاعي في نماذج الملاحظات.\r\nقد يوصل المختصر السريري بعض النتائج الرقمية من هذه التفاصيل إذا كان ذلك هاما لاكتمال المختصر, و لكن لا يعتبر الموضع الأولي لتسجيل هذه النتائج.\r\n\r\nقد يشير اللفظ (المختصر السريري) أحيانا إلى وثائق مركبة و شاملة, مثل ملخص الخروج أو تقرير ما.\r\nو ينبغي التعبير عن هذه الوثائق في نماذج مقيدة, و التي هي قالب ملخص الخروج و قالب التقرير, وسط مجموعة من النماذج يعتبر المختصر السريري واحدا منها.",
          "copyright" : "© openEHR Foundation",
          "originalResourceUri" : { },
          "otherDetails" : { }
        },
        "fa" : {
          "@type" : "RESOURCE_DESCRIPTION_ITEM",
          "language" : {
            "terminologyId" : {
              "value" : "ISO_639-1"
            },
            "codeString" : "fa"
          },
          "purpose" : "به صورت دستی ترکیب و ثبت توضیحی خلاصه در مورد یک بیمار ، از نظر ارائه دهنده خدمات درمانی",
          "keywords" : [ "خلاصه", "نتیجه", "رئوس مطالب", "خلاصه رئوس مطالب", "چکیده", "ارزیابی", "خلاصه", "خلاصه انتقادی یا تحلیلی", "توضیحات", "یادداشت" ],
          "use" : "برای ثبت توضیح ، نظری خلاصه در مورد سلامت بیمار استفاده می شود.این خلاصه ساختار بندی نشده ممکن است شامل شناسایی مسایل بهداشتی ، مراقبت های بهداشتی ارایه شده همراه با تفسیر ، درک بیمار ، توانایی ارتباط با بیمار در مورد برخی جنبه های ذهنی و... در مورد تجربیات وسفرهای بیمار .معمولا این خلاصه به رویدادهای خاص سلامت نظیر مشاوره های خاص یا پذیرش بیمارستانی مربوط می شود اما ممکن است همچنین برای خلاصه نمودن تجربیات بیمار در طی دوره های زمانی مختلف استفاده شود\r\nدر عمل،خلاصه بالینی مشاهده .... است که متمم مدارک ساختارمند بالینی کنونی خواهد بود که بیان اطلاعات دقیق ، ذهنی یا تفسیر را امکان پذیر می کند در غیر اینصورت از طریق داده های ساختار یافته به تنهایی امکان پذیر نیست و تعادل و چهارجوچوبی برای ثبت پرونده الکترونیک سلامت ارایه می کنند\r\nبرای مثال خلاصه  بالینی می تواند بین خلاصه کوتاه پذیرش بیمارستانی بیمار به عنوان یکی از اجزا جامع و برگه ساختار مند خلاصه ترخیص ارتباط برقرار کند            ",
          "misuse" : "برای ثبت اطلاعات سلامت خاص و ساختار مند استفاده نمی شود. برای مثال اطلاعات جزیی درباره مشکلات ، تشخیصها و نتایج تست باید با استفاده از الگو ساز خاص ومربوطه .....و نتایج آزمایشگاهی یا رادیولوژی در ....ثبت شود. خلاصه بالینی ممکن است شامل برخی نتایج عددی حیاتی و انتخاب شده  از  جزییات ساختار مند باشد زمانی که برای تکمیل خلاصه مهم باشدامااین الگو ساز محل اولیه ثبت این موارد نیست\r\nواژه \"خلاصه بالینی \"کاهی به اسناد پیچیده و جامع اشاره می کند نظیر خلاصه ترخیص یا گزارش. در ... اسناد باید به عنوان توده ای از الگوسازهای محدود شده ارایه شود ، الگوی خلاصه ترخیص یا  الگوی گزارش شامل تعدادی از الگوسازهای جداگانه می باشد که الگوساز خلاصه بالینی یکی از این الگوسازها می باشد    \r\n  ",
          "copyright" : "© openEHR Foundation",
          "originalResourceUri" : { },
          "otherDetails" : { }
        },
        "zh-cn" : {
          "@type" : "RESOURCE_DESCRIPTION_ITEM",
          "language" : {
            "terminologyId" : {
              "value" : "ISO_639-1"
            },
            "codeString" : "zh-cn"
          },
          "purpose" : "从医疗保健服务提供者的角度，手工综合并记录关于患者的叙述型摘要。",
          "keywords" : [ "摘要", "小结", "概要", "概况", "概略", "结论", "总结", "梗概", "大纲", "提要", "要点", "评估", "评价", "总览", "评论", "病案讨论", "病情分析", "备注", "注释", "记录", "笔记" ],
          "use" : "用于记录患者相关健康状况的叙述性摘要。这种非结构化摘要可以包括所确定的健康事项、所提供的医疗保健服务、相关联的解释和患者的理解，并且便于表达关于患者体验和经历的某些较为委婉和较为主观的方面。最为常见的情况就是，这种摘要很可能与特定的健康事件相关，如某次特定的会诊咨询或收治入院（住院），但也可以用于总结概括患者在不同时间段内的健康历程。临床摘要是一种元观察（meta observation，超级观察），将对已有的结构化临床记录起到补充作用，允许表达关于患者的微妙的、主观的或解释性的信息，而仅仅借助于结构化数据，此类信息可能并非显而易见，从而为EHR记录提供了平衡和背景。例如，临床摘要可以作为综合性、结构化的患者入院情况的简要概述，用于出院摘要（出院小结、出院记录）文档的一个组成部分。",
          "misuse" : "并非旨在用于记录具体的结构化健康信息。例如，对于有关问题、诊断和检验项目结果的详细信息，应当分别采用具体相关的原始型来加以记录，比如，分别采用评价类之中的问题（EVALUATION.problem）, 评价类之中的诊断（EVALUATION.problem-diagnosis）和观察类（OBSERVATION）之中实验室或放射医学结果。当判断认为此类结构化细节信息之中的某些至关重要的和精选的数值型结果对于当前提要的完整性具有重要作用的时候，临床提要可以传达此类结果，但这里并不是此类信息的原始记录位置。有时，“临床提要（Clinical Synopsis）”可能指的是复杂的综合性文档，如出院摘要（出院小结、出院记录）或报告。在openEHR之中，应当将此类文档表达为若干经过约束的原始型的聚合体，也就是说，出院摘要模板或报告模板是由许多不同的原始型构成，而临床提要原始型则可能只是后面所说的这些原始型之一。\r\n\r\n不用于记录特定和结构化的健康信息。例如，有关问题、诊断和测试结果的详细信息应使用特定的相关原型evaluation.problem、evaluation.problem-diagnosis和观察中的实验室或放射学结果进行记录。临床概要可以传达一些关键的和精选的数值型结果，从这些结构化的细节，当判断为概要的完整性重要，但不是他们的主要记录地点。\r\n\r\n“临床概要”一词有时可以指复杂和全面的文件，如出院总结或报告。在openehr中，这些文档应该表示为约束原型的集合，即出院总结模板或报告模板，包含多个独立的原型，其中临床概要原型可能是其中之一。",
          "copyright" : "© openEHR Foundation",
          "originalResourceUri" : { },
          "otherDetails" : { }
        }
      }
    },
    "parentArchetypeId" : "openEHR-EHR-EVALUATION.clinical_synopsis.v1",
    "differential" : true,
    "archetypeId" : {
      "@type" : "ARCHETYPE_HRID",
      "value" : "openEHR-EHR-EVALUATION.ovl-clinical_synopsis-033.v1"
    },
    "definition" : {
      "@type" : "C_COMPLEX_OBJECT",
      "rmTypeName" : "EVALUATION",
      "nodeId" : "at0000.1",
      "attributes" : [ {
        "@type" : "C_ATTRIBUTE",
        "rmAttributeName" : "data",
        "children" : [ {
          "@type" : "C_COMPLEX_OBJECT",
          "rmTypeName" : "ITEM_TREE",
          "nodeId" : "at0001",
          "attributes" : [ {
            "@type" : "C_ATTRIBUTE",
            "rmAttributeName" : "items",
            "children" : [ {
              "@type" : "C_COMPLEX_OBJECT",
              "rmTypeName" : "ELEMENT",
              "nodeId" : "at0002.1",
              "attributes" : [ ],
              "attributeTuples" : [ ]
            } ]
          } ],
          "attributeTuples" : [ ]
        } ]
      }, {
        "@type" : "C_ATTRIBUTE",
        "rmAttributeName" : "protocol",
        "children" : [ {
          "@type" : "C_COMPLEX_OBJECT",
          "rmTypeName" : "ITEM_TREE",
          "nodeId" : "at0003",
          "attributes" : [ {
            "@type" : "C_ATTRIBUTE",
            "rmAttributeName" : "items",
            "children" : [ {
              "@type" : "C_ARCHETYPE_ROOT",
              "rmTypeName" : "CLUSTER",
              "occurrences" : "0..1",
              "nodeId" : "at0004.2",
              "attributes" : [ ],
              "attributeTuples" : [ ],
              "archetypeRef" : "openEHR-EHR-CLUSTER.ovl-reception_note_metadata_dips-001.v1",
              "referenceType" : "archetypeOverlay"
            } ]
          } ],
          "attributeTuples" : [ ]
        } ]
      } ],
      "attributeTuples" : [ ]
    },
    "terminology" : {
      "@type" : "ARCHETYPE_TERMINOLOGY",
      "conceptCode" : "at0000",
      "termDefinitions" : {
        "en" : {
          "at0000.1" : {
            "@type" : "ARCHETYPE_TERM",
            "code" : "at0000.1",
            "text" : "Vurdering/tiltak",
            "description" : "Narrative summary or overview about a patient, specifically from the perspective of a healthcare provider, and with or without associated interpretations."
          },
          "at0002.1" : {
            "@type" : "ARCHETYPE_TERM",
            "code" : "at0002.1",
            "text" : "Vurdering/tiltak",
            "description" : "The summary, assessment, conclusions or evaluation of the clinical findings."
          }
        },
        "fa" : {
          "at0000.1" : {
            "@type" : "ARCHETYPE_TERM",
            "code" : "at0000.1",
            "text" : "Vurdering/tiltak",
            "description" : "خلاصه یا مروری تشریحی دربازه بیمار بویژه از نظز ارایه کننده مراقبت بهداشتی با یا بدون تفسیرهای مربوطه "
          },
          "at0002.1" : {
            "@type" : "ARCHETYPE_TERM",
            "code" : "at0002.1",
            "text" : "Vurdering/tiltak",
            "description" : "خلاصه ، ارزیابی ، نتیجه ، یا ارزشیابی یافته های بالینی"
          }
        },
        "ar-sy" : {
          "at0000.1" : {
            "@type" : "ARCHETYPE_TERM",
            "code" : "at0000.1",
            "text" : "Vurdering/tiltak",
            "description" : "ملخص بالرواية أو نظرة عامة عن المريض, خاصة من وجهة نظر مقدم الخدمة الصحية, مع إرفاق أو عدم إرفاق تفسيرات "
          },
          "at0002.1" : {
            "@type" : "ARCHETYPE_TERM",
            "code" : "at0002.1",
            "text" : "Vurdering/tiltak",
            "description" : "الملخص, التقييم, الاستنتاجات أو التقييم للموجودات السريرية"
          }
        },
        "de" : {
          "at0000.1" : {
            "@type" : "ARCHETYPE_TERM",
            "code" : "at0000.1",
            "text" : "Vurdering/tiltak",
            "description" : "Zusammenfassung oder Übersicht einer Patientengeschichte, speziell aus der Sicht eines Gesundheitsdienstleisters, evtl. mit dazugehörigen Interpretationen."
          },
          "at0002.1" : {
            "@type" : "ARCHETYPE_TERM",
            "code" : "at0002.1",
            "text" : "Vurdering/tiltak",
            "description" : "Die Zusammenfassung, Beurteilung, Aussagen or Auswertung des klinischen Befunds."
          }
        },
        "es-ar" : {
          "at0000.1" : {
            "@type" : "ARCHETYPE_TERM",
            "code" : "at0000.1",
            "text" : "Vurdering/tiltak",
            "description" : "Sumario narrativo o visión global acerca de un paciente, específicamente desde la perspectiva de un profesional del cuidado de la salud, con o sin interpretaciones asociadas."
          },
          "at0002.1" : {
            "@type" : "ARCHETYPE_TERM",
            "code" : "at0002.1",
            "text" : "Vurdering/tiltak",
            "description" : "El sumario, la impresión diagnóstica y las conclusiones sobre los hallazgos clínicos."
          }
        },
        "pt-br" : {
          "at0000.1" : {
            "@type" : "ARCHETYPE_TERM",
            "code" : "at0000.1",
            "text" : "Vurdering/tiltak",
            "description" : "Resumo narrativo ou visão geral sobre um paciente, especificamente a partir da perspectiva de um profissional de saúde, e com ou sem interpretações associadas."
          },
          "at0002.1" : {
            "@type" : "ARCHETYPE_TERM",
            "code" : "at0002.1",
            "text" : "Vurdering/tiltak",
            "description" : "O sumário, a avaliação, conclusões ou avaliação dos achados clínicos."
          }
        },
        "zh-cn" : {
          "at0000.1" : {
            "@type" : "ARCHETYPE_TERM",
            "code" : "at0000.1",
            "text" : "Vurdering/tiltak",
            "description" : "从医疗保健服务提供着的角度，手工综合并记录关于患者的叙述型摘要或概述，且带有或没有相关联的解释。"
          },
          "at0002.1" : {
            "@type" : "ARCHETYPE_TERM",
            "code" : "at0002.1",
            "text" : "Vurdering/tiltak",
            "description" : "对于临床所见（临床发现）进行的概括、评估、总结或评价。"
          }
        },
        "nb" : {
          "at0000.1" : {
            "@type" : "ARCHETYPE_TERM",
            "code" : "at0000.1",
            "text" : "Oppsummering, vurdering, tildak",
            "description" : "Fritekstsammendrag eller oversikt om en pasient fra helsepersonellets perspektiv, med eller uten tilhørende fortolkninger."
          },
          "at0002.1" : {
            "@type" : "ARCHETYPE_TERM",
            "code" : "at0002.1",
            "text" : "Oppsummering, vurdering og tiltak",
            "description" : "Oppsummering, vurdering, konklusjoner eller evaluering av de kliniske funnene."
          }
        },
        "sv" : {
          "at0000.1" : {
            "@type" : "ARCHETYPE_TERM",
            "code" : "at0000.1",
            "text" : "Vurdering/tiltak",
            "description" : "Beskrivande sammanfattning eller överblick av en patient, särskilt ur vårdgivarens perspektiv, med eller utan associerade tolkningar."
          },
          "at0002.1" : {
            "@type" : "ARCHETYPE_TERM",
            "code" : "at0002.1",
            "text" : "Vurdering/tiltak",
            "description" : "Sammanfattning, bedömning, slutsatser eller utvärderingar av de kliniska fynden."
          }
        }
      },
      "termBindings" : { },
      "terminologyExtracts" : { },
      "valueSets" : { }
    },
    "adlVersion" : "1.4",
    "buildUid" : "d97311d8-68f0-4a7d-82c5-57e7e1f0ca09",
    "rmName" : "openehr",
    "rmRelease" : "1.1.0",
    "generated" : true,
    "otherMetaData" : { },
    "originalLanguage" : {
      "terminologyId" : {
        "value" : "ISO_639-1"
      },
      "codeString" : "en"
    },
    "translations" : [ {
      "@type" : "TRANSLATION_DETAILS",
      "language" : {
        "terminologyId" : {
          "value" : "ISO_639-1"
        },
        "codeString" : "de"
      },
      "author" : {
        "name" : "Nadim Anani",
        "organisation" : "Health Informatics Centre, Karolinska Institutet, Sweden"
      },
      "accreditation" : "fluent in both English and German, Medical Informatics 'MSc' degree from Heidelberg, 2 years professional experience in health informatics, some translation experience, openEHR knowledge.",
      "otherDetails" : { }
    }, {
      "@type" : "TRANSLATION_DETAILS",
      "language" : {
        "terminologyId" : {
          "value" : "ISO_639-1"
        },
        "codeString" : "sv"
      },
      "author" : {
        "name" : "Kirsi Poikela",
        "organisation" : "Tieto Sweden AB",
        "email" : "ext.kirsi.poikela@tieto.com"
      },
      "otherDetails" : { }
    }, {
      "@type" : "TRANSLATION_DETAILS",
      "language" : {
        "terminologyId" : {
          "value" : "ISO_639-1"
        },
        "codeString" : "es-ar"
      },
      "author" : {
        "name" : "Dr. Leonardo Der Jachadurian",
        "organisation" : "Bitios.com"
      },
      "accreditation" : "Medical Doctor (Internal Medicine Specialist)",
      "otherDetails" : { }
    }, {
      "@type" : "TRANSLATION_DETAILS",
      "language" : {
        "terminologyId" : {
          "value" : "ISO_639-1"
        },
        "codeString" : "nb"
      },
      "author" : {
        "name" : "Ingrid Heitmann",
        "organisation" : "NTNU and OUS, Registered nurse",
        "email" : "john.tore.valand@helse-bergen.no"
      },
      "otherDetails" : { }
    }, {
      "@type" : "TRANSLATION_DETAILS",
      "language" : {
        "terminologyId" : {
          "value" : "ISO_639-1"
        },
        "codeString" : "pt-br"
      },
      "author" : {
        "name" : "Emerson Urushibata",
        "organisation" : "Universidade de São Paulo"
      },
      "otherDetails" : { }
    }, {
      "@type" : "TRANSLATION_DETAILS",
      "language" : {
        "terminologyId" : {
          "value" : "ISO_639-1"
        },
        "codeString" : "ar-sy"
      },
      "author" : {
        "name" : "Mona Saleh"
      },
      "otherDetails" : { }
    }, {
      "@type" : "TRANSLATION_DETAILS",
      "language" : {
        "terminologyId" : {
          "value" : "ISO_639-1"
        },
        "codeString" : "fa"
      },
      "author" : {
        "name" : "Shahla Foozonkhah",
        "organisation" : "Ocean Informatics",
        "email" : "shahla.foozonkhah@oceaninformatics.com"
      },
      "otherDetails" : { }
    }, {
      "@type" : "TRANSLATION_DETAILS",
      "language" : {
        "terminologyId" : {
          "value" : "ISO_639-1"
        },
        "codeString" : "zh-cn"
      },
      "author" : {
        "name" : "MAY L",
        "organisation" : "CSDC",
        "email" : "hcn2020@126.com"
      },
      "accreditation" : "What goes here?",
      "otherDetails" : { }
    } ]
  }, {
    "@type" : "TEMPLATE_OVERLAY",
    "uid" : "e349ef1d-4b48-4682-99a1-120744ed0078",
    "description" : {
      "@type" : "RESOURCE_DESCRIPTION",
      "originalAuthor" : { },
      "otherContributors" : [ ],
      "ipAcknowledgements" : { },
      "references" : { },
      "conversionDetails" : { },
      "otherDetails" : {
        "PARENT:MD5-CAM-1.0.1" : "8FED8C93F974769740A5244E1E1ADAE9"
      },
      "details" : {
        "nb" : {
          "@type" : "RESOURCE_DESCRIPTION_ITEM",
          "language" : {
            "terminologyId" : {
              "value" : "ISO_639-1"
            },
            "codeString" : "nb"
          },
          "keywords" : [ ],
          "originalResourceUri" : { },
          "otherDetails" : { }
        }
      }
    },
    "parentArchetypeId" : "openEHR-EHR-CLUSTER.reception_note_metadata_dips.v1",
    "differential" : true,
    "archetypeId" : {
      "@type" : "ARCHETYPE_HRID",
      "value" : "openEHR-EHR-CLUSTER.ovl-reception_note_metadata_dips-001.v1"
    },
    "definition" : {
      "@type" : "C_COMPLEX_OBJECT",
      "rmTypeName" : "CLUSTER",
      "nodeId" : "at0000.1",
      "attributes" : [ {
        "@type" : "C_ATTRIBUTE",
        "rmAttributeName" : "items",
        "children" : [ {
          "@type" : "C_COMPLEX_OBJECT",
          "rmTypeName" : "ELEMENT",
          "nodeId" : "at0001.1",
          "attributes" : [ {
            "@type" : "C_ATTRIBUTE",
            "rmAttributeName" : "value",
            "children" : [ {
              "@type" : "C_COMPLEX_OBJECT",
              "rmTypeName" : "DV_CODED_TEXT",
              "attributes" : [ {
                "@type" : "C_ATTRIBUTE",
                "rmAttributeName" : "defining_code",
                "children" : [ {
                  "@type" : "C_TERMINOLOGY_CODE",
                  "rmTypeName" : "TERMINOLOGY_CODE",
                  "occurrences" : "1..1",
                  "terminologyId" : {
                    "value" : "local"
                  },
                  "constraint" : [ "ac0.1" ],
                  "selectedTerminologies" : [ ]
                } ]
              } ],
              "attributeTuples" : [ ]
            } ]
          } ],
          "attributeTuples" : [ ]
        }, {
          "@type" : "C_COMPLEX_OBJECT",
          "rmTypeName" : "ELEMENT",
          "nodeId" : "at0001.2",
          "attributes" : [ {
            "@type" : "C_ATTRIBUTE",
            "rmAttributeName" : "value",
            "children" : [ {
              "@type" : "C_COMPLEX_OBJECT",
              "rmTypeName" : "DV_CODED_TEXT",
              "attributes" : [ {
                "@type" : "C_ATTRIBUTE",
                "rmAttributeName" : "defining_code",
                "children" : [ {
                  "@type" : "C_TERMINOLOGY_CODE",
                  "rmTypeName" : "TERMINOLOGY_CODE",
                  "occurrences" : "1..1",
                  "terminologyId" : {
                    "value" : "local"
                  },
                  "constraint" : [ "ac0.3" ],
                  "selectedTerminologies" : [ ]
                } ]
              } ],
              "attributeTuples" : [ ]
            } ]
          } ],
          "attributeTuples" : [ ]
        } ]
      } ],
      "attributeTuples" : [ ]
    },
    "terminology" : {
      "@type" : "ARCHETYPE_TERMINOLOGY",
      "conceptCode" : "at0000",
      "termDefinitions" : {
        "nb" : {
          "at0001.2" : {
            "@type" : "ARCHETYPE_TERM",
            "code" : "at0001.2",
            "text" : "Datakategori (2)",
            "description" : ""
          },
          "ac0.1" : {
            "@type" : "ARCHETYPE_TERM",
            "text" : "(Synthesized)",
            "code" : "ac0.1",
            "description" : ""
          },
          "ac0.3" : {
            "@type" : "ARCHETYPE_TERM",
            "text" : "(Synthesized)",
            "code" : "ac0.3",
            "description" : ""
          }
        }
      },
      "termBindings" : { },
      "terminologyExtracts" : { },
      "valueSets" : {
        "ac0.1" : {
          "@type" : "VALUE_SET",
          "id" : "ac0.1",
          "members" : [ "at0012" ]
        },
        "ac0.2" : {
          "@type" : "VALUE_SET",
          "id" : "ac0.2",
          "members" : [ "at0002", "at0003", "at0004", "at0005", "at0006", "at0007", "at0008", "at0009", "at0010", "at0011", "at0012", "at0013" ]
        },
        "ac0.3" : {
          "@type" : "VALUE_SET",
          "id" : "ac0.3",
          "members" : [ "at0013" ]
        }
      }
    },
    "adlVersion" : "1.4",
    "buildUid" : "488b96ee-d87a-36e2-af29-8ee6a3372d5b",
    "rmName" : "openehr",
    "rmRelease" : "1.1.0",
    "generated" : true,
    "otherMetaData" : { },
    "originalLanguage" : {
      "terminologyId" : {
        "value" : "ISO_639-1"
      },
      "codeString" : "nb"
    },
    "translations" : [ ]
  } ],
  "originalLanguage" : {
    "terminologyId" : {
      "value" : "ISO_639-1"
    },
    "codeString" : "en"
  },
  "translations" : [ {
    "@type" : "TRANSLATION_DETAILS",
    "language" : {
      "terminologyId" : {
        "value" : "ISO_639-1"
      },
      "codeString" : "de"
    },
    "author" : { },
    "otherDetails" : { }
  }, {
    "@type" : "TRANSLATION_DETAILS",
    "language" : {
      "terminologyId" : {
        "value" : "ISO_639-1"
      },
      "codeString" : "ru"
    },
    "author" : { },
    "otherDetails" : { }
  }, {
    "@type" : "TRANSLATION_DETAILS",
    "language" : {
      "terminologyId" : {
        "value" : "ISO_639-1"
      },
      "codeString" : "sv"
    },
    "author" : { },
    "otherDetails" : { }
  }, {
    "@type" : "TRANSLATION_DETAILS",
    "language" : {
      "terminologyId" : {
        "value" : "ISO_639-1"
      },
      "codeString" : "es-ar"
    },
    "author" : { },
    "otherDetails" : { }
  }, {
    "@type" : "TRANSLATION_DETAILS",
    "language" : {
      "terminologyId" : {
        "value" : "ISO_639-1"
      },
      "codeString" : "nb"
    },
    "author" : { },
    "otherDetails" : { }
  }, {
    "@type" : "TRANSLATION_DETAILS",
    "language" : {
      "terminologyId" : {
        "value" : "ISO_639-1"
      },
      "codeString" : "pt-br"
    },
    "author" : { },
    "otherDetails" : { }
  }, {
    "@type" : "TRANSLATION_DETAILS",
    "language" : {
      "terminologyId" : {
        "value" : "ISO_639-1"
      },
      "codeString" : "sl"
    },
    "author" : { },
    "otherDetails" : { }
  }, {
    "@type" : "TRANSLATION_DETAILS",
    "language" : {
      "terminologyId" : {
        "value" : "ISO_639-1"
      },
      "codeString" : "it"
    },
    "author" : { },
    "otherDetails" : { }
  }, {
    "@type" : "TRANSLATION_DETAILS",
    "language" : {
      "terminologyId" : {
        "value" : "ISO_639-1"
      },
      "codeString" : "fr"
    },
    "author" : { },
    "otherDetails" : { }
  } ]
}